color_a,color_b,shared_paintings
#7b806b,#6b7b80,18
#7b806b,#805040,17
#7b806b,#80706b,23
#7b806b,#807b6b,108
#7b806b,#d4856a,12
#7b806b,#d4bab1,24
#7b806b,#6b807b,18
#7b806b,#cbd4b1,77
#7b806b,#d4cbb1,112
#7b806b,#408050,3
#7b806b,#408070,5
#7b806b,#6b8070,25
#7b806b,#70806b,54
#7b806b,#6b7080,9
#7b806b,#d4ba6a,48
#7b806b,#252a23,12
#7b806b,#282a23,32
#7b806b,#407080,9
#7b806b,#b1cbd4,10
#7b806b,#b1d4cb,7
#7b806b,#807040,77
#7b806b,#15252a,2
#7b806b,#23252a,3
#7b806b,#23282a,4
#7b806b,#252a15,25
#7b806b,#2a2107,24
#7b806b,#2a2515,36
#7b806b,#2a2523,11
#7b806b,#d4a824,20
#7b806b,#2a1a15,17
#7b806b,#2a2823,19
#7b806b,#102a07,2
#7b806b,#1a2a15,8
#7b806b,#708040,26
#7b806b,#2a1007,13
#7b806b,#806616,18
#7b806b,#2a151a,5
#7b806b,#803116,16
#7b806b,#2a2325,2
#7b806b,#2a0710,1
#7b806b,#706b80,2
#7b806b,#152a1a,7
#7b806b,#152a25,3
#7b806b,#bad4b1,21
#7b806b,#b1d4ba,5
#7b806b,#232a25,8
#7b806b,#d45124,6
#7b806b,#508040,5
#7b806b,#232a28,6
#7b806b,#166680,1
#7b806b,#b1bad4,5
#7b806b,#212a07,3
#7b806b,#504080,1
#7b806b,#bad46a,2
#7b806b,#d4b1ba,3
#7b806b,#24a8d4,1
#7b806b,#806b70,1
#7b806b,#072a10,1
#7b806b,#072a21,1
#7b806b,#151a2a,4
#7b806b,#6abad4,1
#7b806b,#163180,3
#7b806b,#405080,2
#7b806b,#801631,2
#7b806b,#bab1d4,1
#7b806b,#2a1525,1
#282a23,#23252a,5
#282a23,#252a23,20
#282a23,#2a1a15,14
#282a23,#2a2523,12
#282a23,#2a2823,39
#282a23,#801631,1
#282a23,#d4856a,5
#282a23,#407080,5
#282a23,#6b807b,2
#282a23,#70806b,8
#282a23,#805040,13
#282a23,#807b6b,35
#282a23,#b1cbd4,4
#282a23,#b1d4cb,2
#282a23,#2a2515,30
#282a23,#408070,3
#282a23,#6abad4,1
#282a23,#252a15,23
#282a23,#2a2107,8
#282a23,#806616,5
#282a23,#807040,35
#282a23,#d4ba6a,21
#282a23,#2a1007,5
#282a23,#d4a824,10
#282a23,#232a28,9
#282a23,#6b7b80,7
#282a23,#d4cbb1,42
#282a23,#232a25,11
#282a23,#80706b,4
#282a23,#6b8070,3
#282a23,#708040,4
#282a23,#2a2325,1
#282a23,#166680,1
#282a23,#23282a,5
#282a23,#152a25,3
#282a23,#151a2a,3
#282a23,#405080,3
#282a23,#6b7080,4
#282a23,#cbd4b1,23
#282a23,#d4bab1,10
#282a23,#152a1a,1
#282a23,#1a2a15,4
#282a23,#b1d4ba,4
#282a23,#508040,1
#282a23,#b1bad4,5
#282a23,#bad4b1,6
#282a23,#803116,12
#282a23,#d45124,4
#282a23,#806b70,1
#282a23,#cbb1d4,1
#282a23,#d4b1cb,1
#282a23,#15252a,4
#282a23,#668016,1
#282a23,#bad46a,1
#282a23,#bab1d4,1
#d4bab1,#80706b,266
#d4bab1,#807b6b,127
#d4bab1,#b1bad4,52
#d4bab1,#b1cbd4,37
#d4bab1,#d4b1ba,82
#d4bab1,#d4b1cb,18
#d4bab1,#d4cbb1,459
#d4bab1,#2a1a15,112
#d4bab1,#2a2523,135
#d4bab1,#805040,165
#d4bab1,#2a2823,37
#d4bab1,#807040,89
#d4bab1,#d4ba6a,178
#d4bab1,#803116,124
#d4bab1,#806616,22
#d4bab1,#d4a824,93
#d4bab1,#15252a,10
#d4bab1,#2a2325,16
#d4bab1,#d45124,126
#d4bab1,#d4856a,171
#d4bab1,#07212a,5
#d4bab1,#151a2a,21
#d4bab1,#23252a,28
#d4bab1,#23282a,9
#d4bab1,#2a151a,18
#d4bab1,#2a1007,170
#d4bab1,#25152a,3
#d4bab1,#2a1525,4
#d4bab1,#2a2328,7
#d4bab1,#07102a,7
#d4bab1,#163180,13
#d4bab1,#24a8d4,7
#d4bab1,#166680,15
#d4bab1,#2a0710,19
#d4bab1,#2a2515,50
#d4bab1,#2a2107,27
#d4bab1,#407080,13
#d4bab1,#804050,12
#d4bab1,#cbd4b1,69
#d4bab1,#405080,27
#d4bab1,#706b80,20
#d4bab1,#7b6b80,8
#d4bab1,#d42451,18
#d4bab1,#6b7080,34
#d4bab1,#6b7b80,25
#d4bab1,#806b70,28
#d4bab1,#806b7b,8
#d4bab1,#6b8070,7
#d4bab1,#70806b,7
#d4bab1,#bad4b1,17
#d4bab1,#6b807b,9
#d4bab1,#408050,3
#d4bab1,#408070,5
#d4bab1,#508040,7
#d4bab1,#708040,6
#d4bab1,#b1d4cb,20
#d4bab1,#6a85d4,8
#d4bab1,#6abad4,7
#d4bab1,#072a21,2
#d4bab1,#bab1d4,18
#d4bab1,#cbb1d4,9
#d4bab1,#b1d4ba,15
#d4bab1,#25232a,14
#d4bab1,#28232a,8
#d4bab1,#504080,8
#d4bab1,#801631,10
#d4bab1,#d46a85,5
#d4bab1,#1a152a,7
#d4bab1,#212a07,2
#d4bab1,#252a15,9
#d4bab1,#232a28,3
#d4bab1,#232a25,3
#d4bab1,#668016,3
#d4bab1,#102a07,3
#d4bab1,#bad46a,3
#d4bab1,#072a10,1
#d4bab1,#152a1a,2
#d4bab1,#152a25,1
#d4bab1,#1a2a15,3
#d4bab1,#252a23,2
#408070,#d42451,2
#408070,#d45124,8
#408070,#d4a824,6
#408070,#d4ba6a,8
#408070,#408050,7
#408070,#6b8070,7
#408070,#6b807b,8
#408070,#70806b,6
#408070,#80706b,1
#408070,#cbd4b1,6
#408070,#d4cbb1,11
#408070,#708040,2
#408070,#b1d4cb,6
#408070,#6b7080,1
#408070,#b1cbd4,2
#408070,#2a1a15,3
#408070,#2a2515,3
#408070,#2a2523,3
#408070,#2a2823,2
#408070,#407080,9
#408070,#6abad4,4
#408070,#072a21,2
#408070,#152a1a,4
#408070,#152a25,6
#408070,#b1d4ba,4
#408070,#bad4b1,3
#408070,#166680,8
#408070,#252a15,2
#408070,#252a23,2
#408070,#2a1007,4
#408070,#2a2107,2
#408070,#232a25,1
#408070,#807040,6
#408070,#807b6b,2
#408070,#d4856a,5
#408070,#801631,1
#408070,#803116,4
#408070,#102a07,1
#408070,#1a2a15,1
#408070,#6b7b80,3
#408070,#07212a,1
#408070,#806616,2
#408070,#072a10,1
#408070,#2a151a,1
#408070,#15252a,2
#408070,#24a8d4,3
#408070,#805040,1
#408070,#bad46a,1
#80706b,#807b6b,113
#80706b,#b1bad4,29
#80706b,#b1cbd4,13
#80706b,#d4b1ba,27
#80706b,#d4b1cb,5
#80706b,#d4cbb1,155
#80706b,#2a1a15,78
#80706b,#2a2523,143
#80706b,#805040,125
#80706b,#2a2823,22
#80706b,#803116,42
#80706b,#806616,10
#80706b,#807040,66
#80706b,#d4a824,23
#80706b,#15252a,13
#80706b,#d4ba6a,49
#80706b,#2a2325,22
#80706b,#d45124,25
#80706b,#d4856a,61
#80706b,#23282a,18
#80706b,#2a2328,12
#80706b,#6b7b80,24
#80706b,#23252a,29
#80706b,#25232a,13
#80706b,#407080,7
#80706b,#6b7080,37
#80706b,#706b80,21
#80706b,#806b70,36
#80706b,#cbd4b1,26
#80706b,#7b6b80,7
#80706b,#806b7b,9
#80706b,#6b807b,7
#80706b,#6b8070,5
#80706b,#70806b,6
#80706b,#bad4b1,6
#80706b,#408050,1
#80706b,#405080,13
#80706b,#804050,5
#80706b,#801631,4
#80706b,#151a2a,18
#80706b,#072a21,2
#80706b,#bab1d4,9
#80706b,#cbb1d4,4
#80706b,#28232a,8
#80706b,#2a151a,16
#80706b,#6a85d4,2
#80706b,#504080,3
#80706b,#708040,5
#80706b,#2a1525,6
#80706b,#1a152a,4
#80706b,#25152a,3
#80706b,#2a0721,1
#80706b,#2a0710,8
#80706b,#2a1007,49
#80706b,#d42451,5
#80706b,#2a2515,32
#80706b,#232a25,1
#80706b,#2a2107,8
#80706b,#6abad4,2
#80706b,#252a15,3
#80706b,#163180,2
#80706b,#668016,2
#80706b,#166680,2
#80706b,#b1d4ba,3
#80706b,#b1d4cb,3
#80706b,#508040,4
#80706b,#07102a,1
#80706b,#d46a85,1
#80706b,#1a2a15,1
#80706b,#232a28,1
#80706b,#252a23,1
#80706b,#152a1a,1
#102a07,#b1d4ba,1
#102a07,#b1d4cb,1
#102a07,#bad4b1,1
#102a07,#cbd4b1,4
#102a07,#d4ba6a,5
#102a07,#d4cbb1,11
#102a07,#1a2a15,6
#102a07,#252a15,3
#102a07,#708040,3
#102a07,#807040,2
#102a07,#807b6b,1
#102a07,#212a07,6
#102a07,#cbb1d4,1
#102a07,#d45124,5
#102a07,#d4a824,7
#102a07,#d4b1cb,2
#102a07,#072a10,4
#102a07,#d4856a,1
#102a07,#163180,1
#102a07,#2a1007,2
#102a07,#152a1a,5
#102a07,#408050,1
#102a07,#2a2107,2
#102a07,#407080,1
#102a07,#508040,2
#102a07,#668016,3
#102a07,#803116,2
#102a07,#bab1d4,1
#102a07,#bad46a,1
#102a07,#152a25,2
#102a07,#6b7b80,1
#102a07,#6b8070,1
#102a07,#6b807b,1
#102a07,#b1cbd4,1
#102a07,#806616,2
#102a07,#804050,1
#102a07,#072a21,1
#bab1d4,#cbb1d4,7
#bab1d4,#cbd4b1,3
#bab1d4,#d4b1ba,9
#bab1d4,#d4b1cb,5
#bab1d4,#23252a,2
#bab1d4,#25232a,3
#bab1d4,#2a2523,6
#bab1d4,#6b7080,5
#bab1d4,#706b80,7
#bab1d4,#b1bad4,17
#bab1d4,#151a2a,2
#bab1d4,#405080,3
#bab1d4,#7b6b80,3
#bab1d4,#806b70,4
#bab1d4,#806b7b,3
#bab1d4,#28232a,1
#bab1d4,#2a151a,1
#bab1d4,#2a2328,1
#bab1d4,#6a85d4,2
#bab1d4,#805040,7
#bab1d4,#b1cbd4,4
#bab1d4,#b1d4cb,2
#bab1d4,#d4ba6a,4
#bab1d4,#d4cbb1,13
#bab1d4,#2a1a15,6
#bab1d4,#803116,7
#bab1d4,#807040,2
#bab1d4,#d4856a,1
#bab1d4,#bad4b1,1
#bab1d4,#d4a824,4
#bab1d4,#2a1007,3
#bab1d4,#d45124,1
#bab1d4,#504080,1
#bab1d4,#152a1a,1
#bab1d4,#1a2a15,1
#bab1d4,#252a15,1
#bab1d4,#807b6b,2
#bab1d4,#2a2515,2
#bab1d4,#2a2823,3
#bab1d4,#6b807b,1
#bab1d4,#252a23,1
#bab1d4,#2a1525,1
#bab1d4,#23282a,1
#2a2328,#25152a,4
#2a2328,#2a151a,9
#2a2328,#2a1525,4
#2a2328,#2a2325,17
#2a2328,#805040,6
#2a2328,#15252a,1
#2a2328,#23282a,2
#2a2328,#2a2523,12
#2a2328,#6b7b80,4
#2a2328,#d45124,2
#2a2328,#23252a,7
#2a2328,#25232a,9
#2a2328,#2a0710,1
#2a2328,#2a1a15,5
#2a2328,#6b7080,5
#2a2328,#1a152a,3
#2a2328,#504080,3
#2a2328,#d42451,1
#2a2328,#d46a85,1
#2a2328,#2a2515,1
#2a2328,#d4cbb1,10
#2a2328,#803116,3
#2a2328,#d4a824,2
#2a2328,#d4ba6a,2
#2a2328,#28232a,9
#2a2328,#405080,4
#2a2328,#6a85d4,1
#2a2328,#806b70,6
#2a2328,#7b6b80,4
#2a2328,#801631,1
#2a2328,#806b7b,7
#2a2328,#151a2a,2
#2a2328,#b1bad4,4
#2a2328,#2a2823,2
#2a2328,#706b80,4
#2a2328,#b1cbd4,1
#2a2328,#cbb1d4,1
#2a2328,#d4b1cb,1
#2a2328,#2a1007,1
#2a2328,#d4856a,1
#2a2328,#407080,3
#2a2328,#6abad4,1
#2a2328,#807b6b,2
#2a2325,#d45124,4
#2a2325,#d4856a,7
#2a2325,#d4a824,1
#2a2325,#d4cbb1,17
#2a2325,#2a151a,19
#2a2325,#2a2523,31
#2a2325,#2a2823,7
#2a2325,#25152a,3
#2a2325,#2a1525,6
#2a2325,#805040,15
#2a2325,#15252a,3
#2a2325,#23282a,4
#2a2325,#6b7b80,5
#2a2325,#2a1a15,21
#2a2325,#803116,6
#2a2325,#23252a,10
#2a2325,#25232a,9
#2a2325,#2a0710,3
#2a2325,#6b7080,5
#2a2325,#07102a,1
#2a2325,#2a1007,6
#2a2325,#1a152a,2
#2a2325,#504080,1
#2a2325,#d42451,1
#2a2325,#d46a85,1
#2a2325,#2a2515,3
#2a2325,#407080,4
#2a2325,#706b80,4
#2a2325,#806b70,7
#2a2325,#d4ba6a,6
#2a2325,#151a2a,3
#2a2325,#28232a,6
#2a2325,#806b7b,3
#2a2325,#b1bad4,2
#2a2325,#2a0721,1
#2a2325,#807040,3
#2a2325,#cbd4b1,3
#2a2325,#708040,1
#2a2325,#807b6b,4
#2a2325,#b1d4ba,1
#2a2325,#bad4b1,1
#2a2325,#7b6b80,1
#2a2325,#6b8070,1
#2a2325,#6b807b,1
#2a2325,#70806b,1
#2a2325,#405080,2
#2a2325,#6abad4,1
#407080,#2a151a,4
#407080,#2a1a15,7
#407080,#6abad4,21
#407080,#d45124,12
#407080,#d46a85,1
#407080,#d4a824,11
#407080,#166680,20
#407080,#24a8d4,6
#407080,#d4cbb1,29
#407080,#23252a,7
#407080,#25232a,2
#407080,#6b7080,10
#407080,#6b7b80,40
#407080,#706b80,2
#407080,#806b70,1
#407080,#405080,24
#407080,#807b6b,13
#407080,#b1bad4,9
#407080,#805040,11
#407080,#801631,1
#407080,#b1cbd4,24
#407080,#6a85d4,2
#407080,#072a21,3
#407080,#252a23,3
#407080,#6b807b,23
#407080,#70806b,6
#407080,#b1d4cb,8
#407080,#d4ba6a,11
#407080,#15252a,34
#407080,#23282a,11
#407080,#2a2515,10
#407080,#2a2523,3
#407080,#2a2823,3
#407080,#807040,13
#407080,#b1d4ba,1
#407080,#bad4b1,4
#407080,#cbd4b1,5
#407080,#07102a,4
#407080,#07212a,8
#407080,#151a2a,18
#407080,#803116,7
#407080,#152a25,6
#407080,#232a25,2
#407080,#2a2107,6
#407080,#806616,8
#407080,#2a1007,8
#407080,#212a07,1
#407080,#252a15,4
#407080,#d4856a,7
#407080,#708040,6
#407080,#6b8070,6
#407080,#1a2a15,1
#407080,#d42451,1
#407080,#232a28,3
#407080,#163180,2
#407080,#28232a,1
#407080,#508040,1
#407080,#bad46a,2
#407080,#152a1a,1
#407080,#408050,1
#407080,#668016,1
#6abad4,#2a151a,2
#6abad4,#2a1a15,6
#6abad4,#d45124,5
#6abad4,#d46a85,2
#6abad4,#d4a824,4
#6abad4,#24a8d4,9
#6abad4,#b1d4cb,6
#6abad4,#405080,9
#6abad4,#6a85d4,6
#6abad4,#6b7b80,14
#6abad4,#b1bad4,4
#6abad4,#b1cbd4,24
#6abad4,#2a2515,4
#6abad4,#2a2523,2
#6abad4,#2a2823,1
#6abad4,#6b807b,3
#6abad4,#07102a,2
#6abad4,#151a2a,5
#6abad4,#15252a,9
#6abad4,#23252a,1
#6abad4,#803116,7
#6abad4,#805040,5
#6abad4,#d4856a,6
#6abad4,#d4ba6a,8
#6abad4,#d4cbb1,11
#6abad4,#2a1007,5
#6abad4,#d4b1cb,1
#6abad4,#804050,1
#6abad4,#668016,1
#6abad4,#801631,1
#6abad4,#166680,10
#6abad4,#807040,4
#6abad4,#d42451,1
#6abad4,#b1d4ba,1
#6abad4,#bad4b1,4
#6abad4,#cbd4b1,4
#6abad4,#807b6b,2
#6abad4,#163180,3
#6abad4,#152a1a,2
#6abad4,#508040,1
#6abad4,#6b7080,2
#6abad4,#2a0710,1
#6abad4,#806616,1
#6abad4,#07212a,2
#6abad4,#252a15,1
#6abad4,#2a2107,1
#6abad4,#6b8070,1
#6abad4,#70806b,1
#6abad4,#23282a,1
#6abad4,#152a25,2
#6abad4,#408050,1
#07102a,#163180,10
#07102a,#25152a,2
#07102a,#2a0710,4
#07102a,#2a1007,10
#07102a,#2a151a,4
#07102a,#405080,7
#07102a,#151a2a,19
#07102a,#23252a,4
#07102a,#805040,3
#07102a,#d45124,4
#07102a,#d4a824,6
#07102a,#d4cbb1,9
#07102a,#2a1525,1
#07102a,#2a1a15,4
#07102a,#d4856a,1
#07102a,#24a8d4,1
#07102a,#803116,7
#07102a,#166680,4
#07102a,#1a152a,2
#07102a,#6a85d4,2
#07102a,#15252a,8
#07102a,#b1cbd4,6
#07102a,#2a2523,6
#07102a,#806616,2
#07102a,#07212a,6
#07102a,#6b7b80,4
#07102a,#b1d4cb,2
#07102a,#cbb1d4,1
#07102a,#6b7080,1
#07102a,#b1bad4,2
#07102a,#072a21,1
#07102a,#d42451,2
#07102a,#6b807b,1
#07102a,#25232a,1
#07102a,#807040,2
#07102a,#d4ba6a,3
#07102a,#152a1a,1
#07102a,#2a2515,2
#07102a,#2a2823,1
#806b70,#23252a,3
#806b70,#25232a,3
#806b70,#6b7080,7
#806b70,#6b7b80,3
#806b70,#706b80,9
#806b70,#803116,4
#806b70,#805040,14
#806b70,#806616,1
#806b70,#807040,2
#806b70,#807b6b,5
#806b70,#7b6b80,8
#806b70,#806b7b,11
#806b70,#d4cbb1,13
#806b70,#6b8070,1
#806b70,#70806b,1
#806b70,#bad4b1,1
#806b70,#cbd4b1,1
#806b70,#d4b1ba,6
#806b70,#b1bad4,5
#806b70,#405080,4
#806b70,#cbb1d4,2
#806b70,#d4b1cb,1
#806b70,#28232a,4
#806b70,#2a151a,4
#806b70,#6a85d4,1
#806b70,#504080,1
#806b70,#801631,1
#806b70,#2a1007,9
#806b70,#2a1a15,10
#806b70,#2a1525,2
#806b70,#d4856a,6
#806b70,#2a0710,2
#806b70,#804050,2
#806b70,#d45124,3
#806b70,#d4a824,2
#806b70,#2a2523,7
#806b70,#508040,1
#806b70,#d4ba6a,2
#806b70,#2a2823,2
#806b70,#1a152a,1
#806b70,#23282a,1
#805040,#2a1a15,140
#805040,#2a2523,45
#805040,#2a2823,27
#805040,#807040,143
#805040,#807b6b,94
#805040,#d4ba6a,136
#805040,#d4cbb1,170
#805040,#803116,173
#805040,#806616,36
#805040,#d4a824,38
#805040,#15252a,19
#805040,#25152a,4
#805040,#2a151a,34
#805040,#2a1525,7
#805040,#d45124,97
#805040,#d4856a,179
#805040,#2a0710,23
#805040,#2a0721,1
#805040,#151a2a,18
#805040,#23252a,15
#805040,#2a1007,124
#805040,#804050,11
#805040,#cbd4b1,28
#805040,#166680,4
#805040,#6b7080,12
#805040,#b1bad4,18
#805040,#6b7b80,13
#805040,#6b807b,10
#805040,#508040,3
#805040,#708040,8
#805040,#405080,11
#805040,#706b80,4
#805040,#7b6b80,5
#805040,#806b7b,5
#805040,#bad4b1,8
#805040,#252a23,9
#805040,#70806b,7
#805040,#b1cbd4,16
#805040,#b1d4cb,5
#805040,#1a152a,6
#805040,#25232a,8
#805040,#28232a,6
#805040,#6a85d4,4
#805040,#801631,7
#805040,#2a2515,44
#805040,#2a2107,18
#805040,#23282a,11
#805040,#bad46a,2
#805040,#d42451,7
#805040,#6b8070,4
#805040,#232a25,7
#805040,#232a28,7
#805040,#252a15,4
#805040,#d4b1ba,14
#805040,#d4b1cb,3
#805040,#07212a,2
#805040,#b1d4ba,4
#805040,#24a8d4,2
#805040,#cbb1d4,1
#805040,#d46a85,1
#805040,#668016,1
#805040,#504080,2
#805040,#1a2a15,2
#805040,#152a1a,1
#805040,#152a25,3
#805040,#163180,2
#b1d4cb,#6b8070,9
#b1d4cb,#b1d4ba,23
#b1d4cb,#d4cbb1,38
#b1d4cb,#24a8d4,1
#b1d4cb,#408050,1
#b1d4cb,#708040,2
#b1d4cb,#6b7080,6
#b1d4cb,#b1cbd4,44
#b1d4cb,#bad4b1,20
#b1d4cb,#cbd4b1,29
#b1d4cb,#d4ba6a,15
#b1d4cb,#252a23,3
#b1d4cb,#6b807b,13
#b1d4cb,#70806b,6
#b1d4cb,#807b6b,4
#b1d4cb,#151a2a,3
#b1d4cb,#d46a85,1
#b1d4cb,#d4a824,7
#b1d4cb,#d4b1ba,3
#b1d4cb,#23252a,1
#b1d4cb,#23282a,2
#b1d4cb,#25232a,1
#b1d4cb,#2a2523,7
#b1d4cb,#15252a,3
#b1d4cb,#166680,3
#b1d4cb,#6b7b80,12
#b1d4cb,#b1bad4,9
#b1d4cb,#152a25,2
#b1d4cb,#232a28,2
#b1d4cb,#d4856a,7
#b1d4cb,#2a1007,8
#b1d4cb,#803116,12
#b1d4cb,#d45124,8
#b1d4cb,#804050,1
#b1d4cb,#d4b1cb,1
#b1d4cb,#163180,2
#b1d4cb,#6a85d4,1
#b1d4cb,#07212a,1
#b1d4cb,#2a1a15,6
#b1d4cb,#2a2515,3
#b1d4cb,#807040,5
#b1d4cb,#152a1a,2
#b1d4cb,#232a25,1
#b1d4cb,#405080,3
#b1d4cb,#2a2107,1
#b1d4cb,#806616,2
#b1d4cb,#2a151a,1
#b1d4cb,#1a152a,1
#b1d4cb,#25152a,1
#b1d4cb,#252a15,1
#b1d4cb,#cbb1d4,1
#b1d4cb,#2a2823,1
#25232a,#23252a,27
#25232a,#23282a,4
#25232a,#2a0710,2
#25232a,#2a151a,3
#25232a,#2a1a15,5
#25232a,#6b7080,7
#25232a,#6b7b80,3
#25232a,#803116,5
#25232a,#d45124,3
#25232a,#d4a824,4
#25232a,#d4cbb1,19
#25232a,#d4ba6a,8
#25232a,#706b80,6
#25232a,#2a2523,14
#25232a,#b1bad4,3
#25232a,#1a152a,7
#25232a,#28232a,10
#25232a,#405080,5
#25232a,#6a85d4,1
#25232a,#151a2a,15
#25232a,#b1cbd4,2
#25232a,#2a2823,3
#25232a,#807040,2
#25232a,#807b6b,7
#25232a,#25152a,2
#25232a,#b1d4ba,2
#25232a,#bad4b1,2
#25232a,#cbd4b1,3
#25232a,#7b6b80,1
#25232a,#806b7b,2
#25232a,#15252a,3
#25232a,#504080,1
#25232a,#232a28,1
#25232a,#6b8070,1
#25232a,#6b807b,1
#25232a,#2a1007,4
#25232a,#801631,1
#25232a,#d4856a,6
#25232a,#07212a,1
#25232a,#804050,1
#25232a,#d4b1ba,3
#25232a,#d4b1cb,2
#25232a,#cbb1d4,1
#25232a,#d46a85,1
#d4cbb1,#807b6b,314
#d4cbb1,#b1bad4,69
#d4cbb1,#b1cbd4,71
#d4cbb1,#d4b1ba,41
#d4cbb1,#d4b1cb,12
#d4cbb1,#6b8070,25
#d4cbb1,#b1d4ba,43
#d4cbb1,#2a1a15,124
#d4cbb1,#2a2823,94
#d4cbb1,#807040,265
#d4cbb1,#d4ba6a,440
#d4cbb1,#803116,184
#d4cbb1,#806616,88
#d4cbb1,#d4a824,194
#d4cbb1,#15252a,29
#d4cbb1,#d45124,154
#d4cbb1,#d4856a,158
#d4cbb1,#07212a,8
#d4cbb1,#151a2a,47
#d4cbb1,#23252a,60
#d4cbb1,#23282a,25
#d4cbb1,#252a15,37
#d4cbb1,#2a1007,199
#d4cbb1,#2a2107,97
#d4cbb1,#2a151a,19
#d4cbb1,#2a2523,92
#d4cbb1,#166680,17
#d4cbb1,#2a0710,18
#d4cbb1,#2a2515,141
#d4cbb1,#24a8d4,5
#d4cbb1,#804050,12
#d4cbb1,#cbd4b1,287
#d4cbb1,#6b7b80,57
#d4cbb1,#706b80,13
#d4cbb1,#7b6b80,7
#d4cbb1,#806b7b,8
#d4cbb1,#6b807b,29
#d4cbb1,#70806b,34
#d4cbb1,#bad4b1,71
#d4cbb1,#6b7080,48
#d4cbb1,#408050,8
#d4cbb1,#708040,42
#d4cbb1,#405080,43
#d4cbb1,#072a21,8
#d4cbb1,#163180,25
#d4cbb1,#28232a,7
#d4cbb1,#504080,6
#d4cbb1,#801631,11
#d4cbb1,#cbb1d4,6
#d4cbb1,#d46a85,2
#d4cbb1,#6a85d4,11
#d4cbb1,#232a28,12
#d4cbb1,#d42451,13
#d4cbb1,#232a25,13
#d4cbb1,#252a23,12
#d4cbb1,#1a152a,4
#d4cbb1,#212a07,12
#d4cbb1,#152a1a,16
#d4cbb1,#152a25,9
#d4cbb1,#bad46a,7
#d4cbb1,#1a2a15,13
#d4cbb1,#2a1525,3
#d4cbb1,#072a10,5
#d4cbb1,#668016,12
#d4cbb1,#508040,16
#d4cbb1,#25152a,1
#2a1a15,#2a2523,91
#2a1a15,#2a2823,42
#2a1a15,#807040,105
#2a1a15,#807b6b,64
#2a1a15,#d4ba6a,87
#2a1a15,#07212a,6
#2a1a15,#151a2a,11
#2a1a15,#15252a,7
#2a1a15,#23252a,8
#2a1a15,#23282a,4
#2a1a15,#166680,10
#2a1a15,#2a151a,55
#2a1a15,#d4a824,55
#2a1a15,#2a1525,11
#2a1a15,#2a2515,99
#2a1a15,#163180,3
#2a1a15,#2a1007,170
#2a1a15,#2a2107,39
#2a1a15,#806616,28
#2a1a15,#803116,121
#2a1a15,#d45124,83
#2a1a15,#d4856a,60
#2a1a15,#2a0710,32
#2a1a15,#2a0721,6
#2a1a15,#d46a85,1
#2a1a15,#6b7080,5
#2a1a15,#6b7b80,7
#2a1a15,#072a21,1
#2a1a15,#252a23,4
#2a1a15,#801631,5
#2a1a15,#24a8d4,4
#2a1a15,#1a152a,7
#2a1a15,#405080,8
#2a1a15,#804050,4
#2a1a15,#b1bad4,8
#2a1a15,#bad4b1,6
#2a1a15,#cbd4b1,21
#2a1a15,#28232a,2
#2a1a15,#708040,13
#2a1a15,#668016,2
#2a1a15,#806b7b,3
#2a1a15,#6b807b,5
#2a1a15,#6a85d4,1
#2a1a15,#25152a,3
#2a1a15,#7b6b80,3
#2a1a15,#508040,2
#2a1a15,#70806b,5
#2a1a15,#b1cbd4,10
#2a1a15,#252a15,9
#2a1a15,#706b80,5
#2a1a15,#232a25,5
#2a1a15,#d4b1ba,12
#2a1a15,#d4b1cb,5
#2a1a15,#d42451,5
#2a1a15,#504080,3
#2a1a15,#b1d4ba,5
#2a1a15,#bad46a,1
#2a1a15,#cbb1d4,3
#2a1a15,#1a2a15,2
#2a1a15,#6b8070,2
#2a1a15,#212a07,1
#2a1a15,#152a25,2
#2a1a15,#232a28,3
#2a1007,#07212a,5
#2a1007,#252a15,10
#2a1007,#2a2107,76
#2a1007,#d4a824,98
#2a1007,#d4ba6a,131
#2a1007,#151a2a,7
#2a1007,#23252a,3
#2a1007,#163180,15
#2a1007,#2a2523,44
#2a1007,#806616,67
#2a1007,#807040,91
#2a1007,#2a0710,56
#2a1007,#2a0721,5
#2a1007,#2a151a,30
#2a1007,#d45124,149
#2a1007,#d42451,9
#2a1007,#25152a,4
#2a1007,#405080,14
#2a1007,#801631,10
#2a1007,#072a21,1
#2a1007,#2a1525,4
#2a1007,#d4856a,99
#2a1007,#15252a,5
#2a1007,#24a8d4,8
#2a1007,#803116,184
#2a1007,#166680,12
#2a1007,#2a2515,78
#2a1007,#1a152a,6
#2a1007,#806b7b,4
#2a1007,#6a85d4,5
#2a1007,#708040,15
#2a1007,#bad46a,2
#2a1007,#7b6b80,2
#2a1007,#70806b,4
#2a1007,#2a2823,10
#2a1007,#807b6b,48
#2a1007,#cbd4b1,27
#2a1007,#6b7b80,5
#2a1007,#252a23,1
#2a1007,#b1cbd4,13
#2a1007,#6b8070,4
#2a1007,#b1d4ba,7
#2a1007,#bad4b1,7
#2a1007,#668016,6
#2a1007,#d4b1cb,11
#2a1007,#cbb1d4,6
#2a1007,#d4b1ba,27
#2a1007,#b1bad4,6
#2a1007,#504080,7
#2a1007,#706b80,3
#2a1007,#23282a,1
#2a1007,#212a07,3
#2a1007,#408050,1
#2a1007,#508040,7
#2a1007,#152a1a,2
#2a1007,#804050,3
#2a1007,#6b7080,2
#2a1007,#6b807b,1
#2a1007,#d46a85,3
#2a1007,#1a2a15,2
#6b8070,#b1d4ba,8
#6b8070,#70806b,35
#6b8070,#bad4b1,13
#6b8070,#cbd4b1,22
#6b8070,#d4b1ba,2
#6b8070,#408050,2
#6b8070,#6b807b,29
#6b8070,#6b7080,7
#6b8070,#6b7b80,17
#6b8070,#807b6b,12
#6b8070,#b1bad4,2
#6b8070,#b1cbd4,9
#6b8070,#d4856a,4
#6b8070,#232a25,4
#6b8070,#252a23,5
#6b8070,#2a2823,1
#6b8070,#708040,5
#6b8070,#807040,13
#6b8070,#d4ba6a,8
#6b8070,#2a2107,4
#6b8070,#2a2515,5
#6b8070,#d4a824,5
#6b8070,#806616,5
#6b8070,#232a28,4
#6b8070,#166680,2
#6b8070,#1a2a15,3
#6b8070,#508040,2
#6b8070,#252a15,2
#6b8070,#072a10,2
#6b8070,#152a1a,3
#6b8070,#152a25,2
#6b8070,#23252a,1
#6b8070,#23282a,1
#6b8070,#803116,2
#6b8070,#d45124,2
#6b8070,#072a21,1
#6b8070,#151a2a,4
#6b8070,#15252a,1
#6b8070,#405080,3
#6b8070,#2a151a,1
#6b8070,#2a2523,1
#6b8070,#1a152a,1
#6b8070,#25152a,1
#706b80,#7b6b80,12
#706b80,#803116,4
#706b80,#d42451,1
#706b80,#d45124,1
#706b80,#23252a,3
#706b80,#6b7080,23
#706b80,#6b7b80,7
#706b80,#806b7b,10
#706b80,#405080,11
#706b80,#b1bad4,13
#706b80,#151a2a,3
#706b80,#504080,3
#706b80,#2a2523,6
#706b80,#23282a,1
#706b80,#806616,1
#706b80,#807040,3
#706b80,#d4ba6a,4
#706b80,#cbb1d4,3
#706b80,#d4b1ba,4
#706b80,#d4b1cb,2
#706b80,#1a152a,1
#706b80,#25152a,1
#706b80,#28232a,4
#706b80,#2a151a,2
#706b80,#2a2515,1
#706b80,#807b6b,5
#706b80,#2a1525,1
#706b80,#b1cbd4,1
#706b80,#bad46a,1
#706b80,#b1d4ba,1
#706b80,#bad4b1,3
#706b80,#cbd4b1,3
#706b80,#6a85d4,3
#706b80,#804050,2
#706b80,#d4856a,3
#706b80,#6b807b,1
#b1bad4,#807b6b,22
#b1bad4,#b1cbd4,46
#b1bad4,#d4b1ba,10
#b1bad4,#d4b1cb,5
#b1bad4,#15252a,7
#b1bad4,#166680,3
#b1bad4,#6b7080,36
#b1bad4,#804050,2
#b1bad4,#d4856a,10
#b1bad4,#6b7b80,23
#b1bad4,#405080,18
#b1bad4,#807040,9
#b1bad4,#23282a,7
#b1bad4,#d4ba6a,19
#b1bad4,#23252a,12
#b1bad4,#2a2523,16
#b1bad4,#7b6b80,4
#b1bad4,#806b7b,5
#b1bad4,#6a85d4,6
#b1bad4,#806616,7
#b1bad4,#072a21,2
#b1bad4,#6b807b,8
#b1bad4,#d45124,12
#b1bad4,#d4a824,14
#b1bad4,#28232a,2
#b1bad4,#2a151a,3
#b1bad4,#2a1525,3
#b1bad4,#2a2515,3
#b1bad4,#2a2823,9
#b1bad4,#cbd4b1,18
#b1bad4,#212a07,1
#b1bad4,#252a15,3
#b1bad4,#803116,19
#b1bad4,#b1d4ba,8
#b1bad4,#cbb1d4,1
#b1bad4,#504080,1
#b1bad4,#508040,3
#b1bad4,#151a2a,13
#b1bad4,#1a152a,1
#b1bad4,#1a2a15,1
#b1bad4,#708040,1
#b1bad4,#70806b,2
#b1bad4,#bad4b1,4
#b1bad4,#24a8d4,1
#b1bad4,#163180,3
#b1bad4,#2a0710,2
#b1bad4,#07212a,1
#b1bad4,#d42451,1
#b1bad4,#232a28,3
#b1bad4,#252a23,2
#b1bad4,#232a25,2
#b1bad4,#bad46a,1
#b1bad4,#152a1a,1
#b1bad4,#152a25,1
#23282a,#07212a,1
#23282a,#151a2a,23
#23282a,#15252a,32
#23282a,#23252a,35
#23282a,#2a2523,15
#23282a,#6b7b80,21
#23282a,#d45124,2
#23282a,#2a0710,1
#23282a,#2a151a,1
#23282a,#6b7080,14
#23282a,#807b6b,14
#23282a,#d4856a,4
#23282a,#806616,1
#23282a,#807040,7
#23282a,#d4ba6a,11
#23282a,#d4a824,4
#23282a,#2a2515,1
#23282a,#2a2823,9
#23282a,#708040,2
#23282a,#cbd4b1,9
#23282a,#b1cbd4,6
#23282a,#b1d4ba,1
#23282a,#bad4b1,2
#23282a,#232a28,14
#23282a,#405080,8
#23282a,#232a25,5
#23282a,#252a23,3
#23282a,#152a1a,1
#23282a,#6b807b,4
#23282a,#152a25,2
#23282a,#252a15,1
#23282a,#668016,1
#23282a,#bad46a,1
#23282a,#163180,1
#23282a,#804050,1
#23282a,#803116,1
#d4b1cb,#807b6b,3
#d4b1cb,#b1cbd4,5
#d4b1cb,#d4b1ba,20
#d4b1cb,#cbb1d4,13
#d4b1cb,#cbd4b1,4
#d4b1cb,#166680,1
#d4b1cb,#2a1525,2
#d4b1cb,#504080,2
#d4b1cb,#7b6b80,3
#d4b1cb,#806b7b,5
#d4b1cb,#6b7080,1
#d4b1cb,#6b807b,1
#d4b1cb,#d4856a,4
#d4b1cb,#d4a824,8
#d4b1cb,#d4ba6a,2
#d4b1cb,#1a2a15,1
#d4b1cb,#212a07,1
#d4b1cb,#252a15,1
#d4b1cb,#d45124,6
#d4b1cb,#405080,2
#d4b1cb,#6a85d4,3
#d4b1cb,#803116,2
#d4b1cb,#b1d4ba,1
#d4b1cb,#2a2107,1
#d4b1cb,#2a2515,3
#d4b1cb,#668016,1
#d4b1cb,#708040,2
#d4b1cb,#2a2523,1
#d4b1cb,#2a2823,2
#d4b1cb,#807040,2
#d4b1cb,#163180,2
#d4b1cb,#2a0710,3
#d4b1cb,#2a151a,1
#d4b1cb,#806616,1
#d4b1cb,#25152a,1
#d4b1cb,#d46a85,1
#d4b1cb,#bad4b1,1
#07212a,#151a2a,8
#07212a,#15252a,12
#07212a,#23252a,4
#07212a,#2a151a,3
#07212a,#2a1525,2
#07212a,#2a2515,1
#07212a,#2a2523,5
#07212a,#807040,2
#07212a,#d4ba6a,4
#07212a,#252a15,1
#07212a,#2a2107,1
#07212a,#d4a824,5
#07212a,#807b6b,1
#07212a,#163180,3
#07212a,#166680,13
#07212a,#803116,6
#07212a,#d45124,8
#07212a,#cbd4b1,1
#07212a,#6b7b80,3
#07212a,#b1cbd4,3
#07212a,#072a10,1
#07212a,#072a21,2
#07212a,#152a1a,1
#07212a,#152a25,1
#07212a,#d4856a,3
#07212a,#2a0710,1
#07212a,#24a8d4,2
#07212a,#1a152a,1
#07212a,#25152a,1
#07212a,#405080,1
#15252a,#807040,14
#15252a,#d4a824,9
#15252a,#d4ba6a,18
#15252a,#151a2a,38
#15252a,#23252a,24
#15252a,#166680,12
#15252a,#2a151a,3
#15252a,#2a2523,14
#15252a,#6b7b80,24
#15252a,#d45124,10
#15252a,#807b6b,9
#15252a,#2a0710,2
#15252a,#d42451,2
#15252a,#6b7080,8
#15252a,#804050,2
#15252a,#d4856a,8
#15252a,#163180,2
#15252a,#cbd4b1,10
#15252a,#b1cbd4,14
#15252a,#2a2515,2
#15252a,#2a2823,5
#15252a,#6b807b,9
#15252a,#b1d4ba,1
#15252a,#bad4b1,2
#15252a,#232a28,12
#15252a,#405080,14
#15252a,#803116,9
#15252a,#152a25,7
#15252a,#cbb1d4,1
#15252a,#806616,4
#15252a,#072a21,2
#15252a,#504080,1
#15252a,#252a15,2
#15252a,#2a2107,1
#15252a,#24a8d4,3
#15252a,#232a25,1
#15252a,#252a23,1
#15252a,#508040,1
#15252a,#708040,4
#15252a,#668016,1
#15252a,#bad46a,1
#15252a,#152a1a,1
#d46a85,#2a151a,1
#d46a85,#d45124,5
#d46a85,#d4a824,3
#d46a85,#1a152a,1
#d46a85,#25152a,2
#d46a85,#504080,2
#d46a85,#d42451,2
#d46a85,#151a2a,1
#d46a85,#d4b1ba,3
#d46a85,#d4ba6a,2
#d46a85,#6a85d4,1
#d46a85,#803116,3
#d46a85,#806616,1
#d46a85,#d4856a,4
#d46a85,#2a0710,2
#d46a85,#b1cbd4,1
#d46a85,#2a1525,1
#d46a85,#23252a,1
#232a25,#232a28,12
#232a25,#252a23,15
#232a25,#807b6b,8
#232a25,#2a2515,3
#232a25,#2a2523,5
#232a25,#2a2823,12
#232a25,#807040,10
#232a25,#708040,3
#232a25,#70806b,6
#232a25,#d4ba6a,3
#232a25,#23252a,8
#232a25,#152a25,5
#232a25,#6b7080,3
#232a25,#6b7b80,2
#232a25,#d4856a,2
#232a25,#bad4b1,3
#232a25,#cbd4b1,9
#232a25,#152a1a,5
#232a25,#803116,5
#232a25,#806616,3
#232a25,#b1cbd4,2
#232a25,#d45124,2
#232a25,#2a2107,1
#232a25,#1a2a15,1
#232a25,#405080,2
#232a25,#b1d4ba,1
#232a25,#d4a824,1
#232a25,#151a2a,1
#d45124,#d4856a,135
#d45124,#d4a824,140
#d45124,#d42451,22
#d45124,#2a2523,24
#d45124,#6b7b80,6
#d45124,#2a151a,19
#d45124,#803116,194
#d45124,#163180,10
#d45124,#2a0710,32
#d45124,#2a0721,3
#d45124,#d4ba6a,133
#d45124,#801631,15
#d45124,#151a2a,6
#d45124,#23252a,6
#d45124,#d4b1ba,12
#d45124,#24a8d4,6
#d45124,#166680,11
#d45124,#2a2107,28
#d45124,#807040,53
#d45124,#405080,15
#d45124,#2a2515,30
#d45124,#7b6b80,1
#d45124,#807b6b,26
#d45124,#806616,38
#d45124,#508040,8
#d45124,#708040,13
#d45124,#cbd4b1,31
#d45124,#2a2823,12
#d45124,#b1cbd4,18
#d45124,#1a2a15,5
#d45124,#252a15,3
#d45124,#bad46a,5
#d45124,#212a07,5
#d45124,#cbb1d4,2
#d45124,#232a28,2
#d45124,#804050,3
#d45124,#668016,7
#d45124,#b1d4ba,9
#d45124,#408050,3
#d45124,#6a85d4,5
#d45124,#072a10,2
#d45124,#bad4b1,10
#d45124,#1a152a,1
#d45124,#25152a,2
#d45124,#2a1525,2
#d45124,#072a21,3
#d45124,#152a1a,5
#d45124,#252a23,4
#d45124,#504080,3
#d45124,#6b7080,2
#d45124,#6b807b,3
#d45124,#70806b,1
#1a152a,#25152a,8
#1a152a,#504080,1
#1a152a,#d42451,1
#1a152a,#151a2a,4
#1a152a,#166680,1
#1a152a,#2a0710,2
#1a152a,#2a0721,2
#1a152a,#2a151a,5
#1a152a,#28232a,4
#1a152a,#803116,2
#1a152a,#7b6b80,1
#1a152a,#806b7b,1
#1a152a,#2a1525,2
#1a152a,#2a2523,2
#1a152a,#23252a,4
#1a152a,#b1cbd4,1
#1a152a,#d4a824,2
#1a152a,#405080,3
#1a152a,#6b7080,2
#1a152a,#807040,2
#1a152a,#d4856a,2
#1a152a,#d4b1ba,1
#1a152a,#6b807b,1
#1a152a,#b1d4ba,1
#1a152a,#bad4b1,1
#1a152a,#807b6b,1
#1a152a,#801631,2
#1a152a,#d4ba6a,2
#163180,#151a2a,7
#163180,#2a2107,2
#163180,#2a2523,5
#163180,#806616,2
#163180,#807040,3
#163180,#d4a824,15
#163180,#d4ba6a,14
#163180,#2a0710,5
#163180,#2a0721,2
#163180,#2a151a,3
#163180,#d42451,2
#163180,#25152a,1
#163180,#405080,17
#163180,#24a8d4,5
#163180,#803116,9
#163180,#166680,4
#163180,#cbd4b1,8
#163180,#23252a,3
#163180,#6b7080,3
#163180,#6a85d4,6
#163180,#b1cbd4,9
#163180,#807b6b,2
#163180,#bad4b1,1
#163180,#212a07,1
#163180,#d4b1ba,2
#163180,#668016,2
#163180,#6b7b80,2
#163180,#6b807b,2
#163180,#d4856a,2
#163180,#708040,2
#163180,#1a2a15,1
#163180,#508040,3
#163180,#70806b,2
#163180,#cbb1d4,1
#163180,#2a2823,1
#163180,#804050,1
#163180,#2a2515,1
#cbb1d4,#cbd4b1,2
#cbb1d4,#d4b1ba,9
#cbb1d4,#166680,1
#cbb1d4,#2a1525,1
#cbb1d4,#504080,1
#cbb1d4,#7b6b80,5
#cbb1d4,#806b7b,5
#cbb1d4,#1a2a15,1
#cbb1d4,#212a07,1
#cbb1d4,#252a15,1
#cbb1d4,#d4a824,2
#cbb1d4,#b1cbd4,2
#cbb1d4,#d4856a,1
#cbb1d4,#2a2107,1
#cbb1d4,#2a2515,2
#cbb1d4,#668016,1
#cbb1d4,#708040,1
#cbb1d4,#151a2a,1
#cbb1d4,#6b7b80,1
#cbb1d4,#2a2523,1
#cbb1d4,#2a2823,1
#cbb1d4,#6a85d4,1
#cbb1d4,#2a0710,1
#cbb1d4,#bad4b1,1
#405080,#25152a,2
#405080,#2a0710,1
#405080,#2a151a,4
#405080,#166680,4
#405080,#d4856a,6
#405080,#d4a824,13
#405080,#6b7080,29
#405080,#807b6b,11
#405080,#6b7b80,19
#405080,#151a2a,30
#405080,#504080,2
#405080,#7b6b80,4
#405080,#806b7b,4
#405080,#6a85d4,17
#405080,#b1cbd4,15
#405080,#28232a,1
#405080,#d4ba6a,21
#405080,#803116,8
#405080,#807040,8
#405080,#23252a,5
#405080,#cbd4b1,11
#405080,#2a2523,6
#405080,#2a2107,4
#405080,#2a2515,9
#405080,#2a2823,8
#405080,#252a15,3
#405080,#072a21,1
#405080,#152a1a,2
#405080,#1a2a15,2
#405080,#408050,1
#405080,#508040,6
#405080,#708040,4
#405080,#d42451,1
#405080,#24a8d4,1
#405080,#668016,1
#405080,#6b807b,6
#405080,#801631,1
#405080,#232a28,4
#405080,#152a25,2
#405080,#252a23,1
#405080,#d4b1ba,1
#405080,#806616,1
#405080,#b1d4ba,1
#405080,#bad4b1,2
#405080,#70806b,1
#6b7b80,#2a2523,12
#6b7b80,#23252a,12
#6b7b80,#2a0710,2
#6b7b80,#2a151a,4
#6b7b80,#6b7080,43
#6b7b80,#2a2515,9
#6b7b80,#2a2823,6
#6b7b80,#b1cbd4,44
#6b7b80,#807b6b,29
#6b7b80,#cbd4b1,22
#6b7b80,#d4ba6a,18
#6b7b80,#6b807b,38
#6b7b80,#807040,16
#6b7b80,#d4b1ba,1
#6b7b80,#804050,3
#6b7b80,#d4856a,10
#6b7b80,#70806b,11
#6b7b80,#801631,1
#6b7b80,#151a2a,18
#6b7b80,#6a85d4,2
#6b7b80,#806616,5
#6b7b80,#072a21,4
#6b7b80,#166680,4
#6b7b80,#232a28,9
#6b7b80,#2a2107,3
#6b7b80,#152a25,7
#6b7b80,#b1d4ba,1
#6b7b80,#d4a824,7
#6b7b80,#803116,6
#6b7b80,#072a10,2
#6b7b80,#152a1a,4
#6b7b80,#bad4b1,9
#6b7b80,#252a15,3
#6b7b80,#1a2a15,2
#6b7b80,#708040,5
#6b7b80,#7b6b80,1
#6b7b80,#806b7b,1
#6b7b80,#508040,2
#6b7b80,#25152a,1
#6b7b80,#504080,1
#6b7b80,#24a8d4,1
#6b7b80,#252a23,1
#6b7b80,#28232a,1
#6b7080,#23252a,16
#6b7080,#2a0710,2
#6b7080,#2a151a,5
#6b7080,#2a2515,3
#6b7080,#2a2523,13
#6b7080,#2a2823,6
#6b7080,#b1cbd4,13
#6b7080,#166680,3
#6b7080,#804050,3
#6b7080,#d4856a,11
#6b7080,#d4b1ba,5
#6b7080,#807b6b,31
#6b7080,#807040,8
#6b7080,#151a2a,16
#6b7080,#504080,2
#6b7080,#7b6b80,3
#6b7080,#806b7b,3
#6b7080,#6b807b,10
#6b7080,#70806b,2
#6b7080,#cbd4b1,11
#6b7080,#806616,1
#6b7080,#d4ba6a,15
#6b7080,#072a21,2
#6b7080,#803116,6
#6b7080,#232a28,4
#6b7080,#b1d4ba,2
#6b7080,#bad4b1,8
#6b7080,#508040,1
#6b7080,#1a2a15,1
#6b7080,#252a15,1
#6b7080,#708040,1
#6b7080,#d4a824,3
#6b7080,#152a1a,2
#6b7080,#252a23,1
#6b7080,#25152a,2
#6b7080,#6a85d4,3
#6b7080,#801631,2
#6b7080,#d42451,1
#6b7080,#28232a,1
#6b7080,#152a25,1
#504080,#25152a,3
#504080,#d42451,1
#504080,#151a2a,2
#504080,#7b6b80,3
#504080,#806b7b,3
#504080,#166680,1
#504080,#2a1525,2
#504080,#28232a,1
#504080,#801631,1
#504080,#d4856a,3
#504080,#d4a824,4
#504080,#d4ba6a,3
#504080,#803116,3
#504080,#806616,1
#504080,#807040,2
#504080,#508040,2
#504080,#807b6b,3
#504080,#bad46a,1
#504080,#668016,1
#504080,#2a0710,3
#504080,#2a2107,1
#504080,#2a2515,1
#504080,#23252a,1
#504080,#2a2523,1
#504080,#2a151a,1
#504080,#2a2823,1
#504080,#6a85d4,1
#504080,#708040,1
#2a0721,#2a0710,9
#2a0721,#2a151a,6
#2a0721,#d4856a,2
#2a0721,#d4ba6a,1
#2a0721,#2a2523,4
#2a0721,#d42451,1
#2a0721,#2a1525,4
#2a0721,#d4a824,1
#2a0721,#25152a,1
#2a0721,#801631,1
#2a0721,#803116,2
#2a0721,#252a15,1
#2a0721,#708040,1
#2a0721,#807040,1
#806b7b,#7b6b80,16
#806b7b,#151a2a,1
#806b7b,#166680,1
#806b7b,#2a1525,3
#806b7b,#d4b1ba,3
#806b7b,#28232a,4
#806b7b,#801631,1
#806b7b,#25152a,1
#806b7b,#803116,1
#806b7b,#2a151a,1
#806b7b,#b1cbd4,1
#806b7b,#2a2523,3
#806b7b,#6a85d4,2
#806b7b,#cbd4b1,2
#806b7b,#d4a824,1
#806b7b,#d4ba6a,2
#806b7b,#d4856a,2
#806b7b,#2a2823,1
#806b7b,#807b6b,1
#7b6b80,#803116,1
#7b6b80,#d42451,1
#7b6b80,#151a2a,1
#7b6b80,#166680,1
#7b6b80,#2a1525,2
#7b6b80,#d4b1ba,2
#7b6b80,#28232a,3
#7b6b80,#801631,1
#7b6b80,#25152a,1
#7b6b80,#2a151a,1
#7b6b80,#b1cbd4,1
#7b6b80,#2a2523,2
#7b6b80,#6a85d4,2
#7b6b80,#cbd4b1,1
#7b6b80,#d4856a,1
#7b6b80,#d4ba6a,1
#166680,#151a2a,6
#166680,#2a151a,2
#166680,#2a2523,6
#166680,#d4a824,10
#166680,#2a0710,1
#166680,#803116,8
#166680,#d4856a,10
#166680,#d4ba6a,8
#166680,#24a8d4,11
#166680,#804050,1
#166680,#072a21,2
#166680,#807b6b,2
#166680,#2a1525,1
#166680,#cbd4b1,2
#166680,#6b807b,2
#166680,#252a15,4
#166680,#252a23,1
#166680,#2a2107,1
#166680,#2a2515,5
#166680,#70806b,3
#166680,#801631,1
#166680,#d42451,1
#166680,#806616,4
#166680,#807040,3
#166680,#b1cbd4,6
#166680,#508040,1
#166680,#b1d4ba,2
#166680,#bad4b1,2
#166680,#668016,1
#166680,#152a25,2
#166680,#408050,2
#166680,#152a1a,1
#166680,#23252a,1
#166680,#2a2823,1
#2a2823,#807040,54
#2a2823,#807b6b,79
#2a2823,#d4ba6a,30
#2a2823,#803116,21
#2a2823,#806616,7
#2a2823,#d4a824,16
#2a2823,#2a151a,3
#2a2823,#2a2523,55
#2a2823,#d4856a,12
#2a2823,#23252a,20
#2a2823,#2a2515,68
#2a2823,#b1cbd4,7
#2a2823,#252a23,10
#2a2823,#801631,1
#2a2823,#6b807b,3
#2a2823,#151a2a,8
#2a2823,#252a15,7
#2a2823,#2a2107,11
#2a2823,#cbd4b1,22
#2a2823,#232a28,9
#2a2823,#212a07,1
#2a2823,#708040,4
#2a2823,#70806b,3
#2a2823,#d4b1ba,2
#2a2823,#152a25,2
#2a2823,#508040,1
#2a2823,#bad4b1,3
#2a2823,#152a1a,2
#2a2823,#6a85d4,1
#2a2823,#b1d4ba,1
#408050,#6b807b,1
#408050,#70806b,4
#408050,#cbd4b1,6
#408050,#708040,5
#408050,#072a21,2
#408050,#152a1a,5
#408050,#152a25,2
#408050,#b1d4ba,1
#408050,#bad4b1,2
#408050,#508040,3
#408050,#807040,2
#408050,#807b6b,1
#408050,#24a8d4,3
#408050,#803116,1
#408050,#d4a824,2
#408050,#1a2a15,4
#408050,#2a0710,1
#408050,#2a2523,1
#408050,#2a2107,1
#408050,#d4ba6a,2
#408050,#072a10,1
#408050,#252a15,3
#252a23,#23252a,3
#252a23,#2a2523,3
#252a23,#801631,1
#252a23,#d4856a,3
#252a23,#6b807b,1
#252a23,#70806b,8
#252a23,#807b6b,8
#252a23,#b1cbd4,4
#252a23,#232a28,6
#252a23,#708040,5
#252a23,#807040,10
#252a23,#d4ba6a,4
#252a23,#252a15,7
#252a23,#2a2107,2
#252a23,#2a2515,6
#252a23,#152a25,2
#252a23,#cbd4b1,12
#252a23,#152a1a,4
#252a23,#1a2a15,5
#252a23,#b1d4ba,1
#252a23,#bad4b1,5
#252a23,#803116,6
#252a23,#bad46a,1
#252a23,#d4a824,4
#252a23,#806616,1
#252a23,#151a2a,1
#b1d4ba,#bad4b1,43
#b1d4ba,#cbd4b1,45
#b1d4ba,#d4ba6a,12
#b1d4ba,#b1cbd4,14
#b1d4ba,#803116,10
#b1d4ba,#806616,3
#b1d4ba,#807040,7
#b1d4ba,#807b6b,8
#b1d4ba,#d4a824,9
#b1d4ba,#2a2523,3
#b1d4ba,#6b807b,5
#b1d4ba,#70806b,6
#b1d4ba,#d4856a,4
#b1d4ba,#28232a,2
#b1d4ba,#24a8d4,1
#b1d4ba,#668016,1
#b1d4ba,#d4b1ba,2
#b1d4ba,#708040,3
#b1d4ba,#2a2515,3
#b1d4ba,#25152a,1
#b1d4ba,#23252a,5
#b1d4ba,#151a2a,2
#b1d4ba,#d42451,2
#b1d4ba,#bad46a,1
#1a2a15,#252a15,18
#1a2a15,#708040,7
#1a2a15,#807040,10
#1a2a15,#807b6b,7
#1a2a15,#d4ba6a,8
#1a2a15,#2a2515,8
#1a2a15,#508040,4
#1a2a15,#d4a824,6
#1a2a15,#212a07,3
#1a2a15,#70806b,4
#1a2a15,#bad4b1,2
#1a2a15,#cbd4b1,9
#1a2a15,#152a1a,12
#1a2a15,#2a2107,5
#1a2a15,#803116,6
#1a2a15,#072a21,2
#1a2a15,#2a2523,1
#1a2a15,#072a10,4
#1a2a15,#152a25,3
#1a2a15,#6b807b,1
#1a2a15,#b1cbd4,1
#1a2a15,#d42451,1
#1a2a15,#d4856a,1
#1a2a15,#806616,1
#1a2a15,#6a85d4,1
#2a0710,#2a151a,30
#2a0710,#d4856a,21
#2a0710,#d4ba6a,16
#2a0710,#2a2523,11
#2a0710,#d42451,4
#2a0710,#25152a,3
#2a0710,#801631,6
#2a0710,#d4a824,14
#2a0710,#23252a,2
#2a0710,#072a21,1
#2a0710,#2a1525,8
#2a0710,#803116,28
#2a0710,#806616,5
#2a0710,#2a2515,4
#2a0710,#807040,7
#2a0710,#807b6b,2
#2a0710,#252a15,2
#2a0710,#2a2107,4
#2a0710,#804050,3
#2a0710,#668016,1
#2a0710,#d4b1ba,5
#2a0710,#508040,1
#2a0710,#708040,2
#2a0710,#b1cbd4,3
#2a0710,#151a2a,3
#70806b,#bad4b1,18
#70806b,#cbd4b1,37
#70806b,#d4b1ba,2
#70806b,#6b807b,20
#70806b,#807b6b,28
#70806b,#b1cbd4,6
#70806b,#806616,7
#70806b,#807040,28
#70806b,#2a2523,2
#70806b,#152a1a,1
#70806b,#152a25,1
#70806b,#252a15,8
#70806b,#708040,14
#70806b,#d4ba6a,13
#70806b,#2a2107,6
#70806b,#2a2515,12
#70806b,#d4a824,5
#70806b,#508040,7
#70806b,#232a28,3
#70806b,#d4856a,2
#70806b,#212a07,1
#70806b,#803116,5
#70806b,#2a151a,1
#70806b,#24a8d4,1
#70806b,#801631,1
#70806b,#6a85d4,1
#70806b,#151a2a,1
#2a1525,#2a151a,17
#2a1525,#2a2515,1
#2a1525,#2a2523,4
#2a1525,#807040,2
#2a1525,#d4ba6a,4
#2a1525,#25152a,5
#2a1525,#d4a824,2
#2a1525,#d4856a,5
#2a1525,#801631,3
#2a1525,#803116,3
#2a1525,#28232a,2
#2a1525,#804050,1
#2a1525,#cbd4b1,1
#2a1525,#b1cbd4,1
#2a1525,#252a15,1
#2a1525,#708040,1
#2a1525,#d4b1ba,1
#668016,#2a2107,6
#668016,#2a2515,5
#668016,#806616,4
#668016,#807040,6
#668016,#d4a824,8
#668016,#d4ba6a,8
#668016,#801631,2
#668016,#803116,2
#668016,#708040,11
#668016,#d4b1ba,1
#668016,#212a07,3
#668016,#508040,4
#668016,#cbd4b1,4
#668016,#bad46a,3
#668016,#252a15,3
#668016,#bad4b1,2
#668016,#24a8d4,1
#668016,#232a28,1
#668016,#2a2523,1
#801631,#d4a824,7
#801631,#23252a,1
#801631,#2a2523,2
#801631,#d4856a,12
#801631,#b1cbd4,1
#801631,#28232a,1
#801631,#25152a,1
#801631,#2a151a,5
#801631,#803116,13
#801631,#d4ba6a,8
#801631,#d42451,6
#801631,#804050,3
#801631,#2a2107,1
#801631,#708040,1
#801631,#806616,4
#801631,#807040,2
#801631,#cbd4b1,2
#801631,#151a2a,1
#801631,#807b6b,2
#801631,#d4b1ba,1
#152a25,#152a1a,12
#152a25,#807040,6
#152a25,#807b6b,2
#152a25,#bad4b1,2
#152a25,#cbd4b1,6
#152a25,#072a21,8
#152a25,#708040,2
#152a25,#232a28,7
#152a25,#6b807b,4
#152a25,#b1cbd4,3
#152a25,#2a2515,2
#152a25,#072a10,6
#152a25,#d4ba6a,5
#152a25,#803116,3
#152a25,#23252a,2
#152a25,#806616,2
#152a25,#d4a824,2
#152a25,#151a2a,3
#152a25,#252a15,1
#152a25,#2a2107,1
#152a25,#508040,1
#152a25,#24a8d4,1
#d4b1ba,#807b6b,4
#d4b1ba,#b1cbd4,5
#d4b1ba,#d4856a,18
#d4b1ba,#d4a824,11
#d4b1ba,#bad4b1,5
#d4b1ba,#cbd4b1,7
#d4b1ba,#151a2a,2
#d4b1ba,#d4ba6a,8
#d4b1ba,#6b807b,1
#d4b1ba,#2a2515,5
#d4b1ba,#2a2523,4
#d4b1ba,#2a151a,5
#d4b1ba,#807040,4
#d4b1ba,#803116,10
#d4b1ba,#d42451,4
#d4b1ba,#2a2107,1
#d4b1ba,#708040,1
#d4b1ba,#806616,2
#d4b1ba,#24a8d4,1
#d4b1ba,#804050,3
#d4b1ba,#23252a,1
#b1cbd4,#807b6b,17
#b1cbd4,#d4856a,20
#b1cbd4,#23252a,9
#b1cbd4,#2a2515,8
#b1cbd4,#2a2523,17
#b1cbd4,#cbd4b1,36
#b1cbd4,#d4ba6a,23
#b1cbd4,#6a85d4,8
#b1cbd4,#6b807b,20
#b1cbd4,#151a2a,14
#b1cbd4,#803116,21
#b1cbd4,#d42451,2
#b1cbd4,#807040,10
#b1cbd4,#bad4b1,16
#b1cbd4,#232a28,5
#b1cbd4,#d4a824,14
#b1cbd4,#804050,1
#b1cbd4,#24a8d4,5
#b1cbd4,#2a151a,2
#b1cbd4,#806616,7
#b1cbd4,#072a10,1
#b1cbd4,#152a1a,2
#b1cbd4,#2a2107,2
#b1cbd4,#708040,4
#b1cbd4,#252a15,3
#b1cbd4,#508040,1
#b1cbd4,#072a21,1
#b1cbd4,#bad46a,1
#806616,#803116,79
#806616,#807040,127
#806616,#d4a824,88
#806616,#151a2a,6
#806616,#2a2107,72
#806616,#2a2523,7
#806616,#d4ba6a,100
#806616,#2a151a,3
#806616,#807b6b,37
#806616,#cbd4b1,16
#806616,#2a2515,52
#806616,#708040,21
#806616,#252a15,10
#806616,#bad46a,2
#806616,#d4856a,20
#806616,#212a07,7
#806616,#508040,4
#806616,#bad4b1,2
#806616,#6a85d4,1
#806616,#d42451,1
#806616,#6b807b,4
#806616,#152a1a,5
#806616,#23252a,1
#806616,#232a28,2
#d4ba6a,#807040,242
#d4ba6a,#807b6b,141
#d4ba6a,#d4a824,181
#d4ba6a,#2a151a,18
#d4ba6a,#2a2515,87
#d4ba6a,#2a2523,38
#d4ba6a,#252a15,22
#d4ba6a,#2a2107,73
#d4ba6a,#151a2a,20
#d4ba6a,#d4856a,137
#d4ba6a,#d42451,9
#d4ba6a,#803116,154
#d4ba6a,#23252a,22
#d4ba6a,#cbd4b1,96
#d4ba6a,#6b807b,9
#d4ba6a,#bad4b1,17
#d4ba6a,#25152a,1
#d4ba6a,#708040,42
#d4ba6a,#bad46a,9
#d4ba6a,#804050,6
#d4ba6a,#232a28,8
#d4ba6a,#508040,8
#d4ba6a,#212a07,5
#d4ba6a,#24a8d4,3
#d4ba6a,#152a1a,7
#d4ba6a,#6a85d4,6
#d4ba6a,#072a10,2
#d4ba6a,#072a21,2
#d4ba6a,#28232a,1
#212a07,#252a15,8
#212a07,#2a2515,5
#212a07,#807040,7
#212a07,#d4a824,8
#212a07,#2a2107,11
#212a07,#cbd4b1,4
#212a07,#072a10,1
#212a07,#d4856a,1
#212a07,#508040,1
#212a07,#708040,6
#212a07,#807b6b,2
#212a07,#803116,1
#212a07,#804050,1
#508040,#708040,18
#508040,#d4856a,2
#508040,#d4a824,11
#508040,#2a2515,8
#508040,#807040,9
#508040,#807b6b,4
#508040,#252a15,4
#508040,#bad4b1,4
#508040,#cbd4b1,11
#508040,#2a2107,4
#508040,#152a1a,2
#508040,#d42451,1
#508040,#803116,4
#508040,#6b807b,1
#508040,#151a2a,2
#508040,#072a10,1
#508040,#072a21,1
#508040,#6a85d4,1
#508040,#23252a,1
#bad46a,#708040,7
#bad46a,#803116,3
#bad46a,#807040,3
#bad46a,#cbd4b1,6
#bad46a,#d4856a,1
#bad46a,#d4a824,6
#bad46a,#807b6b,1
#bad46a,#232a28,1
#bad46a,#252a15,1
#bad46a,#2a2523,2
#bad46a,#6b807b,1
#bad46a,#bad4b1,4
#bad46a,#072a21,1
#bad46a,#151a2a,1
#bad46a,#23252a,1
#bad46a,#d42451,1
#bad4b1,#cbd4b1,84
#bad4b1,#807040,15
#bad4b1,#d4856a,5
#bad4b1,#807b6b,18
#bad4b1,#2a2523,7
#bad4b1,#6b807b,6
#bad4b1,#152a1a,2
#bad4b1,#708040,10
#bad4b1,#d4a824,13
#bad4b1,#28232a,2
#bad4b1,#803116,11
#bad4b1,#2a2515,3
#bad4b1,#252a15,5
#bad4b1,#24a8d4,1
#bad4b1,#072a21,1
#bad4b1,#2a2107,1
#bad4b1,#25152a,1
#bad4b1,#151a2a,4
#bad4b1,#23252a,4
#bad4b1,#d42451,2
#6b807b,#807040,12
#6b807b,#807b6b,13
#6b807b,#cbd4b1,16
#6b807b,#d4856a,6
#6b807b,#2a2515,6
#6b807b,#2a2523,8
#6b807b,#23252a,3
#6b807b,#232a28,6
#6b807b,#072a21,1
#6b807b,#252a15,1
#6b807b,#d4a824,2
#6b807b,#072a10,1
#6b807b,#152a1a,2
#6b807b,#2a2107,2
#6b807b,#708040,5
#6b807b,#803116,1
#6b807b,#151a2a,5
#6b807b,#2a151a,1
#6b807b,#25152a,1
#6b807b,#28232a,1
#6b807b,#804050,1
#152a1a,#807040,7
#152a1a,#807b6b,5
#152a1a,#cbd4b1,9
#152a1a,#072a21,7
#152a1a,#708040,2
#152a1a,#252a15,5
#152a1a,#2a2107,4
#152a1a,#2a2515,4
#152a1a,#072a10,7
#152a1a,#803116,8
#152a1a,#2a2523,2
#152a1a,#d4a824,6
#152a1a,#23252a,2
#152a1a,#232a28,3
#152a1a,#24a8d4,1
#152a1a,#151a2a,3
#807040,#807b6b,200
#807040,#803116,105
#807040,#d4a824,87
#807040,#2a151a,9
#807040,#2a2515,151
#807040,#2a2523,42
#807040,#151a2a,15
#807040,#2a2107,98
#807040,#d4856a,64
#807040,#cbd4b1,64
#807040,#804050,1
#807040,#708040,52
#807040,#23252a,11
#807040,#252a15,44
#807040,#24a8d4,2
#807040,#d42451,4
#807040,#28232a,1
#807040,#072a10,3
#807040,#232a28,5
#807040,#25152a,1
#807040,#072a21,2
#2a2107,#252a15,27
#2a2107,#d4a824,49
#2a2107,#151a2a,2
#2a2107,#2a2523,8
#2a2107,#803116,40
#2a2107,#d4856a,10
#2a2107,#2a2515,102
#2a2107,#807b6b,53
#2a2107,#cbd4b1,21
#2a2107,#708040,16
#2a2107,#232a28,1
#2a2107,#6a85d4,1
#2a2107,#24a8d4,1
#2a2107,#804050,1
#2a2107,#072a10,1
#2a2107,#072a21,1
#708040,#d4856a,8
#708040,#d4a824,27
#708040,#2a2523,3
#708040,#807b6b,14
#708040,#151a2a,2
#708040,#23252a,1
#708040,#803116,14
#708040,#252a15,18
#708040,#2a2515,17
#708040,#2a151a,3
#708040,#072a21,2
#708040,#cbd4b1,21
#708040,#24a8d4,1
#708040,#6a85d4,2
#708040,#072a10,1
#708040,#232a28,2
#cbd4b1,#803116,44
#cbd4b1,#804050,4
#cbd4b1,#807b6b,92
#cbd4b1,#d4856a,22
#cbd4b1,#d4a824,53
#cbd4b1,#252a15,19
#cbd4b1,#2a2515,31
#cbd4b1,#2a2523,19
#cbd4b1,#151a2a,16
#cbd4b1,#23252a,20
#cbd4b1,#2a151a,3
#cbd4b1,#072a21,3
#cbd4b1,#232a28,4
#cbd4b1,#28232a,2
#cbd4b1,#24a8d4,2
#cbd4b1,#6a85d4,2
#cbd4b1,#072a10,1
#cbd4b1,#d42451,2
#2a2523,#151a2a,19
#2a2523,#2a151a,21
#2a2523,#d4a824,22
#2a2523,#2a2515,41
#2a2523,#d4856a,21
#2a2523,#d42451,2
#2a2523,#072a21,3
#2a2523,#23252a,33
#2a2523,#803116,36
#2a2523,#807b6b,54
#2a2523,#252a15,2
#2a2523,#25152a,1
#2a2523,#28232a,5
#2a2523,#804050,1
#2a2523,#6a85d4,1
#2a2523,#072a10,1
#2a2523,#232a28,3
#23252a,#151a2a,42
#23252a,#2a151a,2
#23252a,#d4a824,11
#23252a,#2a2515,5
#23252a,#d4856a,7
#23252a,#803116,9
#23252a,#807b6b,28
#23252a,#232a28,9
#23252a,#25152a,1
#23252a,#28232a,3
#23252a,#d42451,1
#23252a,#6a85d4,1
#23252a,#072a21,1
#23252a,#804050,1
#24a8d4,#803116,5
#24a8d4,#d4a824,3
#24a8d4,#d4856a,5
#24a8d4,#d42451,2
#24a8d4,#252a15,2
#24a8d4,#2a2515,2
#24a8d4,#6a85d4,1
#24a8d4,#151a2a,1
#072a21,#2a151a,1
#072a21,#807b6b,3
#072a21,#072a10,6
#072a21,#232a28,1
#072a21,#151a2a,2
#072a21,#803116,3
#072a21,#d4856a,2
#072a21,#252a15,1
#072a21,#2a2515,1
#d4a824,#803116,118
#d4a824,#d4856a,47
#d4a824,#d42451,13
#d4a824,#151a2a,11
#d4a824,#2a151a,11
#d4a824,#252a15,17
#d4a824,#2a2515,52
#d4a824,#807b6b,35
#d4a824,#804050,3
#d4a824,#6a85d4,3
#d4a824,#072a10,1
#d4a824,#25152a,1
#072a10,#d4856a,2
#072a10,#803116,2
#072a10,#252a15,2
#072a10,#2a2515,1
#072a10,#807b6b,1
#804050,#803116,6
#804050,#807b6b,2
#804050,#d4856a,9
#804050,#2a151a,4
#804050,#28232a,1
#804050,#151a2a,1
#804050,#d42451,1
#d42451,#25152a,1
#d42451,#803116,11
#d42451,#d4856a,10
#d42451,#6a85d4,1
#d42451,#807b6b,2
#d42451,#151a2a,2
#d42451,#2a151a,1
#803116,#2a151a,24
#803116,#d4856a,141
#803116,#151a2a,13
#803116,#807b6b,53
#803116,#28232a,1
#803116,#25152a,2
#803116,#2a2515,56
#803116,#232a28,3
#803116,#6a85d4,4
#803116,#252a15,10
#232a28,#807b6b,8
#232a28,#2a2515,2
#232a28,#d4856a,2
#232a28,#151a2a,6
#232a28,#252a15,1
#807b6b,#d4856a,38
#807b6b,#2a2515,109
#807b6b,#252a15,25
#807b6b,#2a151a,5
#807b6b,#28232a,2
#807b6b,#6a85d4,1
#807b6b,#151a2a,18
#252a15,#2a2515,46
#252a15,#d4856a,2
#252a15,#151a2a,2
#252a15,#2a151a,1
#2a151a,#151a2a,6
#2a151a,#2a2515,3
#2a151a,#d4856a,19
#2a151a,#25152a,6
#2a151a,#28232a,4
#2a151a,#6a85d4,1
#151a2a,#d4856a,7
#151a2a,#6a85d4,3
#151a2a,#2a2515,6
#151a2a,#25152a,1
#2a2515,#d4856a,16
#2a2515,#6a85d4,1
#d4856a,#25152a,2
#d4856a,#6a85d4,2
#d4856a,#28232a,3
#6a85d4,#28232a,1
#25152a,#28232a,2
