source,target,weight
#2a1a15,#23282a,18
#2a1a15,#6b807b,11
#2a1a15,#805040,748
#2a1a15,#807040,340
#2a1a15,#807b6b,174
#2a1a15,#b1d4cb,5
#2a1a15,#d4cbb1,381
#2a1a15,#2a2515,240
#2a1a15,#2a2523,469
#2a1a15,#2a2823,217
#2a1a15,#d4ba6a,304
#2a1a15,#2a1007,288
#2a1a15,#80706b,225
#2a1a15,#d4bab1,244
#2a1a15,#1a152a,14
#2a1a15,#25232a,31
#2a1a15,#d4856a,408
#2a1a15,#15252a,22
#2a1a15,#232a28,16
#2a1a15,#6b7b80,18
#2a1a15,#2a2325,162
#2a1a15,#2a151a,181
#2a1a15,#7b806b,25
#2a1a15,#23252a,51
#2a1a15,#803116,317
#2a1a15,#2a2107,64
#2a1a15,#806616,73
#2a1a15,#d45124,96
#2a1a15,#2a1525,11
#2a1a15,#282a23,44
#2a1a15,#2a0710,26
#2a1a15,#6b8070,4
#2a1a15,#70806b,7
#2a1a15,#407080,14
#2a1a15,#801631,9
#2a1a15,#d4a824,41
#2a1a15,#2a2328,57
#2a1a15,#151a2a,28
#2a1a15,#405080,4
#2a1a15,#b1d4ba,4
#2a1a15,#152a25,7
#2a1a15,#232a25,14
#2a1a15,#b1bad4,13
#2a1a15,#6b7080,15
#2a1a15,#706b80,4
#2a1a15,#804050,15
#2a1a15,#252a15,22
#2a1a15,#cbd4b1,23
#2a1a15,#708040,9
#2a1a15,#806b70,15
#2a1a15,#25152a,7
#2a1a15,#2a0721,3
#2a1a15,#212a07,8
#2a1a15,#252a23,13
#2a1a15,#b1cbd4,10
#2a1a15,#6abad4,2
#2a1a15,#1a2a15,6
#2a1a15,#07102a,4
#2a1a15,#152a1a,3
#2a1a15,#806b7b,1
#2a1a15,#cbb1d4,4
#2a1a15,#28232a,12
#2a1a15,#07212a,5
#2a1a15,#bab1d4,2
#2a1a15,#bad4b1,2
#2a1a15,#d4b1ba,1
#2a1a15,#d4b1cb,8
#2a1a15,#7b6b80,1
#2a1007,#2a2515,113
#2a1007,#2a2823,39
#2a1007,#805040,252
#2a1007,#807040,149
#2a1007,#807b6b,40
#2a1007,#2a2523,92
#2a1007,#d4856a,131
#2a1007,#d4ba6a,143
#2a1007,#d4cbb1,135
#2a1007,#2a2325,15
#2a1007,#803116,242
#2a1007,#2a2107,87
#2a1007,#806616,85
#2a1007,#d4bab1,82
#2a1007,#1a152a,8
#2a1007,#2a151a,61
#2a1007,#2a1525,7
#2a1007,#d45124,65
#2a1007,#80706b,46
#2a1007,#d4a824,41
#2a1007,#2a0710,31
#2a1007,#212a07,13
#2a1007,#6b7b80,9
#2a1007,#6b8070,3
#2a1007,#70806b,4
#2a1007,#6b807b,6
#2a1007,#282a23,9
#2a1007,#708040,5
#2a1007,#cbd4b1,9
#2a1007,#252a15,18
#2a1007,#b1bad4,6
#2a1007,#15252a,7
#2a1007,#407080,7
#2a1007,#6abad4,2
#2a1007,#6b7080,3
#2a1007,#1a2a15,5
#2a1007,#252a23,1
#2a1007,#25232a,7
#2a1007,#801631,3
#2a1007,#25152a,3
#2a1007,#07102a,3
#2a1007,#151a2a,7
#2a1007,#23252a,8
#2a1007,#152a1a,2
#2a1007,#152a25,3
#2a1007,#23282a,2
#2a1007,#232a28,4
#2a1007,#7b806b,9
#2a1007,#2a0721,6
#2a1007,#806b70,3
#2a1007,#b1d4ba,1
#2a1007,#07212a,1
#2a1007,#b1cbd4,5
#2a1007,#b1d4cb,2
#2a1007,#2a2328,6
#2a1007,#232a25,2
#2a1007,#28232a,2
#2a1007,#d4b1ba,1
#2a1007,#d4b1cb,2
#2a1007,#405080,1
#2a1007,#cbb1d4,1
#7b806b,#282a23,32
#7b806b,#2a2523,25
#7b806b,#2a2823,30
#7b806b,#803116,9
#7b806b,#805040,38
#7b806b,#807040,47
#7b806b,#80706b,14
#7b806b,#807b6b,59
#7b806b,#d4cbb1,46
#7b806b,#2a2515,31
#7b806b,#d4bab1,11
#7b806b,#70806b,24
#7b806b,#15252a,4
#7b806b,#152a25,1
#7b806b,#232a28,4
#7b806b,#b1cbd4,5
#7b806b,#252a15,19
#7b806b,#2a2107,7
#7b806b,#6b8070,9
#7b806b,#6b807b,13
#7b806b,#b1d4ba,3
#7b806b,#b1d4cb,5
#7b806b,#806616,6
#7b806b,#cbd4b1,22
#7b806b,#d4ba6a,23
#7b806b,#708040,5
#7b806b,#2a2325,4
#7b806b,#d4856a,21
#7b806b,#232a25,14
#7b806b,#252a23,11
#7b806b,#25152a,1
#7b806b,#2a151a,2
#7b806b,#2a1525,1
#7b806b,#806b70,1
#7b806b,#804050,2
#7b806b,#212a07,3
#7b806b,#152a1a,2
#7b806b,#1a2a15,4
#7b806b,#6abad4,1
#7b806b,#bad4b1,3
#7b806b,#6b7b80,4
#7b806b,#07102a,1
#7b806b,#d45124,4
#7b806b,#d4a824,3
#7b806b,#2a2328,4
#7b806b,#23252a,4
#7b806b,#23282a,2
#7b806b,#07212a,2
#7b806b,#407080,1
#7b806b,#6b7080,1
#7b806b,#b1bad4,1
#7b806b,#151a2a,1
#7b806b,#1a152a,1
#6b8070,#252a15,2
#6b8070,#2a2107,2
#6b8070,#2a2515,3
#6b8070,#6b807b,14
#6b8070,#70806b,12
#6b8070,#807040,7
#6b8070,#b1d4ba,5
#6b8070,#b1d4cb,3
#6b8070,#d4cbb1,10
#6b8070,#2a2523,6
#6b8070,#2a2823,4
#6b8070,#d4bab1,3
#6b8070,#232a25,7
#6b8070,#252a23,3
#6b8070,#282a23,6
#6b8070,#807b6b,7
#6b8070,#07102a,1
#6b8070,#15252a,1
#6b8070,#6b7b80,2
#6b8070,#152a25,1
#6b8070,#232a28,1
#6b8070,#d4856a,6
#6b8070,#23252a,1
#6b8070,#23282a,1
#6b8070,#6b7080,1
#6b8070,#80706b,3
#6b8070,#407080,2
#6b8070,#2a0721,1
#6b8070,#2a1525,1
#6b8070,#805040,5
#6b8070,#d4ba6a,8
#6b8070,#2a151a,1
#6b8070,#803116,2
#6b8070,#d45124,1
#6b8070,#804050,1
#6b8070,#806616,1
#6b8070,#d4a824,1
#6b8070,#708040,1
#6b8070,#b1cbd4,1
#6b8070,#bad4b1,1
#6b8070,#cbd4b1,1
#23252a,#23282a,22
#23252a,#282a23,8
#23252a,#2a2523,69
#23252a,#2a2823,30
#23252a,#805040,67
#23252a,#807b6b,23
#23252a,#151a2a,28
#23252a,#807040,22
#23252a,#b1cbd4,2
#23252a,#d4ba6a,18
#23252a,#80706b,41
#23252a,#6b7080,53
#23252a,#6b7b80,6
#23252a,#706b80,30
#23252a,#b1bad4,34
#23252a,#bab1d4,9
#23252a,#cbb1d4,11
#23252a,#d4b1cb,25
#23252a,#25232a,69
#23252a,#28232a,40
#23252a,#7b6b80,28
#23252a,#806b7b,19
#23252a,#d4b1ba,4
#23252a,#d4bab1,72
#23252a,#d4cbb1,56
#23252a,#806b70,10
#23252a,#2a2325,17
#23252a,#d4856a,42
#23252a,#405080,1
#23252a,#b1d4ba,3
#23252a,#232a25,7
#23252a,#232a28,6
#23252a,#252a23,2
#23252a,#2a2328,32
#23252a,#25152a,2
#23252a,#2a1525,2
#23252a,#252a15,2
#23252a,#2a2515,12
#23252a,#cbd4b1,3
#23252a,#2a151a,13
#23252a,#1a152a,5
#23252a,#6b807b,1
#23252a,#15252a,7
#23252a,#803116,14
#23252a,#2a2107,1
#23252a,#70806b,4
#23252a,#806616,2
#23252a,#152a25,2
#23252a,#152a1a,1
#23252a,#708040,1
#23252a,#07102a,1
#23252a,#07212a,1
#23252a,#d45124,6
#23252a,#6abad4,2
#23252a,#407080,4
#23252a,#804050,4
#23252a,#801631,5
#23252a,#b1d4cb,1
#23252a,#bad4b1,1
#23252a,#d4a824,2
#23252a,#2a0710,2
#23252a,#2a0721,1
#282a23,#2a2523,30
#282a23,#2a2823,78
#282a23,#803116,16
#282a23,#805040,63
#282a23,#807040,48
#282a23,#80706b,11
#282a23,#807b6b,38
#282a23,#23282a,9
#282a23,#2a2515,52
#282a23,#d45124,6
#282a23,#d4856a,34
#282a23,#d4ba6a,34
#282a23,#d4bab1,18
#282a23,#d4cbb1,37
#282a23,#2a2325,4
#282a23,#70806b,10
#282a23,#252a15,29
#282a23,#6b7080,2
#282a23,#706b80,1
#282a23,#232a25,22
#282a23,#252a23,31
#282a23,#15252a,5
#282a23,#152a25,3
#282a23,#232a28,13
#282a23,#b1bad4,2
#282a23,#151a2a,1
#282a23,#2a2328,3
#282a23,#407080,2
#282a23,#2a2107,6
#282a23,#806616,3
#282a23,#212a07,2
#282a23,#cbd4b1,6
#282a23,#6b7b80,2
#282a23,#b1cbd4,2
#282a23,#801631,3
#282a23,#1a2a15,7
#282a23,#152a1a,2
#282a23,#6b807b,7
#282a23,#b1d4cb,2
#282a23,#2a151a,1
#282a23,#708040,4
#282a23,#7b6b80,1
#282a23,#804050,1
#282a23,#806b7b,1
#282a23,#2a1525,1
#282a23,#25232a,1
#2a0721,#25152a,5
#2a0721,#2a0710,8
#2a0721,#2a151a,9
#2a0721,#805040,9
#2a0721,#d4856a,3
#2a0721,#d4bab1,3
#2a0721,#801631,2
#2a0721,#803116,5
#2a0721,#804050,2
#2a0721,#2a2523,2
#2a0721,#d4ba6a,4
#2a0721,#2a1525,9
#2a0721,#806b70,3
#2a0721,#80706b,4
#2a0721,#b1d4ba,3
#2a0721,#d4cbb1,5
#2a0721,#2a2328,2
#2a0721,#407080,3
#2a0721,#6b807b,1
#2a0721,#806616,2
#2a0721,#807040,1
#2a0721,#807b6b,1
#2a0721,#2a2325,1
#2a0721,#405080,1
#2a0721,#d4a824,1
#2a0721,#1a152a,1
#2a0721,#bad4b1,1
#2a0721,#cbd4b1,1
#2a0721,#d45124,2
#2a0721,#151a2a,1
#706b80,#6b7080,52
#706b80,#6b7b80,4
#706b80,#b1bad4,53
#706b80,#b1cbd4,5
#706b80,#b1d4ba,3
#706b80,#b1d4cb,2
#706b80,#bab1d4,26
#706b80,#d4bab1,54
#706b80,#25232a,54
#706b80,#7b6b80,27
#706b80,#806b70,5
#706b80,#806b7b,13
#706b80,#d4b1ba,8
#706b80,#d4b1cb,33
#706b80,#d4cbb1,25
#706b80,#cbb1d4,20
#706b80,#23282a,1
#706b80,#28232a,20
#706b80,#80706b,7
#706b80,#1a152a,2
#706b80,#252a15,1
#706b80,#2a2515,1
#706b80,#2a2823,1
#706b80,#805040,7
#706b80,#d4856a,4
#706b80,#2a0710,1
#706b80,#2a151a,3
#706b80,#804050,2
#706b80,#2a2325,2
#706b80,#2a2328,5
#706b80,#2a2523,2
#706b80,#807b6b,1
#b1bad4,#07102a,2
#b1bad4,#07212a,1
#b1bad4,#15252a,2
#b1bad4,#803116,5
#b1bad4,#805040,22
#b1bad4,#d45124,1
#b1bad4,#d4856a,15
#b1bad4,#d4bab1,104
#b1bad4,#6b7080,69
#b1bad4,#6b7b80,9
#b1bad4,#b1cbd4,16
#b1bad4,#b1d4ba,8
#b1bad4,#b1d4cb,4
#b1bad4,#bab1d4,35
#b1bad4,#2a2325,3
#b1bad4,#2a2523,11
#b1bad4,#80706b,34
#b1bad4,#807b6b,11
#b1bad4,#d4cbb1,50
#b1bad4,#7b6b80,34
#b1bad4,#806b7b,21
#b1bad4,#cbb1d4,24
#b1bad4,#d4b1ba,13
#b1bad4,#d4b1cb,50
#b1bad4,#23282a,1
#b1bad4,#1a152a,3
#b1bad4,#25232a,43
#b1bad4,#405080,2
#b1bad4,#2a1525,1
#b1bad4,#152a25,1
#b1bad4,#232a25,1
#b1bad4,#232a28,1
#b1bad4,#2a2515,4
#b1bad4,#2a2823,4
#b1bad4,#bad4b1,1
#b1bad4,#cbd4b1,2
#b1bad4,#151a2a,2
#b1bad4,#2a151a,4
#b1bad4,#1a2a15,1
#b1bad4,#252a15,1
#b1bad4,#252a23,1
#b1bad4,#806b70,8
#b1bad4,#28232a,21
#b1bad4,#2a2328,5
#b1bad4,#d4ba6a,5
#b1bad4,#d4a824,2
#b1bad4,#6b807b,1
#b1bad4,#806616,1
#b1bad4,#807040,6
#b1bad4,#708040,1
#23282a,#6b807b,4
#23282a,#805040,25
#23282a,#807040,12
#23282a,#807b6b,8
#23282a,#b1d4cb,2
#23282a,#d4cbb1,10
#23282a,#15252a,12
#23282a,#232a28,16
#23282a,#2a2523,21
#23282a,#2a2823,21
#23282a,#6b7b80,8
#23282a,#d4856a,12
#23282a,#b1cbd4,2
#23282a,#d4bab1,6
#23282a,#2a2515,7
#23282a,#80706b,7
#23282a,#d4ba6a,9
#23282a,#6b7080,3
#23282a,#bab1d4,1
#23282a,#cbb1d4,1
#23282a,#d4b1cb,1
#23282a,#803116,6
#23282a,#232a25,7
#23282a,#252a23,4
#23282a,#151a2a,4
#23282a,#152a25,3
#23282a,#152a1a,1
#23282a,#07212a,1
#23282a,#b1d4ba,1
#23282a,#2a2328,3
#23282a,#70806b,1
#23282a,#25232a,5
#23282a,#6abad4,1
#23282a,#407080,1
#23282a,#806616,2
#23282a,#d45124,1
#23282a,#28232a,1
#806b7b,#7b6b80,37
#806b7b,#806b70,24
#806b7b,#80706b,23
#806b7b,#807b6b,6
#806b7b,#d4b1cb,51
#806b7b,#d4bab1,50
#806b7b,#d4cbb1,39
#806b7b,#d4b1ba,12
#806b7b,#25232a,19
#806b7b,#bab1d4,6
#806b7b,#cbb1d4,18
#806b7b,#2a2325,8
#806b7b,#2a2523,7
#806b7b,#2a2328,19
#806b7b,#28232a,27
#806b7b,#6b7080,26
#806b7b,#2a2107,1
#806b7b,#2a2515,1
#806b7b,#807040,1
#806b7b,#252a23,1
#806b7b,#708040,1
#806b7b,#804050,1
#806b7b,#805040,1
#806b7b,#d4856a,2
#806b7b,#d4ba6a,2
#806b7b,#25152a,1
#7b6b80,#806b70,12
#7b6b80,#80706b,9
#7b6b80,#807b6b,3
#7b6b80,#d4b1cb,41
#7b6b80,#d4bab1,48
#7b6b80,#d4cbb1,29
#7b6b80,#25232a,34
#7b6b80,#d4b1ba,6
#7b6b80,#bab1d4,9
#7b6b80,#cbb1d4,25
#7b6b80,#2a2328,11
#7b6b80,#28232a,40
#7b6b80,#6b7080,36
#7b6b80,#2a2325,1
#7b6b80,#252a23,1
#7b6b80,#708040,1
#7b6b80,#804050,1
#7b6b80,#805040,2
#7b6b80,#d4856a,1
#7b6b80,#d4ba6a,1
#7b6b80,#803116,1
#7b6b80,#807040,1
#d4a824,#2a2515,28
#d4a824,#803116,55
#d4a824,#806616,54
#d4a824,#807040,42
#d4a824,#807b6b,5
#d4a824,#d4ba6a,54
#d4a824,#d4bab1,4
#d4a824,#d4cbb1,23
#d4a824,#805040,25
#d4a824,#2a2107,28
#d4a824,#2a151a,6
#d4a824,#d45124,21
#d4a824,#708040,3
#d4a824,#2a2325,3
#d4a824,#2a2523,11
#d4a824,#cbd4b1,7
#d4a824,#25232a,3
#d4a824,#2a0710,3
#d4a824,#801631,1
#d4a824,#d4856a,15
#d4a824,#2a2823,4
#d4a824,#07102a,2
#d4a824,#151a2a,3
#d4a824,#2a1525,2
#d4a824,#80706b,3
#d4a824,#1a152a,2
#d4a824,#28232a,2
#d4a824,#2a2328,2
#d4a824,#152a25,1
#d4a824,#15252a,1
#d4a824,#6b7b80,1
#d4a824,#252a15,5
#d4a824,#70806b,1
#d4a824,#b1d4cb,1
#d4a824,#152a1a,1
#d4a824,#1a2a15,1
#d4a824,#212a07,1
#d4a824,#b1cbd4,1
#d4a824,#6b7080,1
#d4a824,#804050,1
#d4b1cb,#806b70,21
#d4b1cb,#80706b,23
#d4b1cb,#807b6b,7
#d4b1cb,#d4bab1,92
#d4b1cb,#d4cbb1,66
#d4b1cb,#d4b1ba,29
#d4b1cb,#25232a,37
#d4b1cb,#bab1d4,15
#d4b1cb,#cbb1d4,31
#d4b1cb,#2a2328,18
#d4b1cb,#6b7080,39
#d4b1cb,#6b7b80,1
#d4b1cb,#b1cbd4,2
#d4b1cb,#28232a,31
#d4b1cb,#2a2325,9
#d4b1cb,#b1d4ba,4
#d4b1cb,#2a2523,8
#d4b1cb,#807040,4
#d4b1cb,#804050,1
#d4b1cb,#805040,9
#d4b1cb,#15252a,1
#d4b1cb,#407080,1
#d4b1cb,#2a2823,1
#d4b1cb,#803116,1
#d4b1cb,#d4856a,3
#d4b1cb,#d4ba6a,4
#d4b1cb,#2a151a,2
#07212a,#07102a,3
#07212a,#15252a,8
#07212a,#803116,3
#07212a,#805040,9
#07212a,#d45124,1
#07212a,#d4856a,7
#07212a,#d4bab1,2
#07212a,#152a25,4
#07212a,#807040,5
#07212a,#151a2a,3
#07212a,#d4ba6a,5
#07212a,#232a28,1
#07212a,#80706b,2
#07212a,#407080,2
#07212a,#6b7b80,2
#07212a,#b1cbd4,2
#07212a,#804050,1
#07212a,#2a2515,2
#07212a,#2a2523,3
#07212a,#2a2823,2
#07212a,#807b6b,3
#07212a,#cbd4b1,1
#07212a,#d4cbb1,1
#d4bab1,#2a2515,56
#d4bab1,#2a2823,67
#d4bab1,#805040,351
#d4bab1,#80706b,866
#d4bab1,#807b6b,128
#d4bab1,#d4cbb1,398
#d4bab1,#2a2523,756
#d4bab1,#807040,120
#d4bab1,#d4856a,238
#d4bab1,#07102a,4
#d4bab1,#15252a,7
#d4bab1,#803116,93
#d4bab1,#d45124,19
#d4bab1,#2a151a,70
#d4bab1,#2a2325,82
#d4bab1,#806b70,47
#d4bab1,#d4b1ba,44
#d4bab1,#6b7080,77
#d4bab1,#6b7b80,17
#d4bab1,#b1cbd4,15
#d4bab1,#b1d4ba,13
#d4bab1,#b1d4cb,7
#d4bab1,#bab1d4,32
#d4bab1,#232a28,4
#d4bab1,#6b807b,8
#d4bab1,#25232a,75
#d4bab1,#cbb1d4,33
#d4bab1,#d4ba6a,115
#d4bab1,#2a2328,42
#d4bab1,#806616,18
#d4bab1,#28232a,52
#d4bab1,#70806b,3
#d4bab1,#151a2a,19
#d4bab1,#1a152a,7
#d4bab1,#405080,6
#d4bab1,#2a1525,12
#d4bab1,#407080,6
#d4bab1,#6abad4,4
#d4bab1,#2a0710,11
#d4bab1,#804050,18
#d4bab1,#152a25,5
#d4bab1,#232a25,5
#d4bab1,#2a2107,14
#d4bab1,#cbd4b1,18
#d4bab1,#25152a,6
#d4bab1,#252a23,5
#d4bab1,#212a07,3
#d4bab1,#252a15,10
#d4bab1,#bad4b1,3
#d4bab1,#1a2a15,4
#d4bab1,#708040,5
#d4bab1,#152a1a,1
#d4bab1,#801631,6
#2a2823,#2a2523,211
#2a2823,#803116,71
#2a2823,#805040,225
#2a2823,#807040,138
#2a2823,#80706b,66
#2a2823,#807b6b,132
#2a2823,#2a2515,149
#2a2823,#d4ba6a,96
#2a2823,#d4cbb1,147
#2a2823,#15252a,14
#2a2823,#232a28,24
#2a2823,#6b7b80,6
#2a2823,#d4856a,107
#2a2823,#2a2325,26
#2a2823,#806616,9
#2a2823,#d45124,23
#2a2823,#2a2107,13
#2a2823,#70806b,5
#2a2823,#407080,2
#2a2823,#801631,5
#2a2823,#151a2a,4
#2a2823,#405080,2
#2a2823,#b1d4ba,1
#2a2823,#232a25,25
#2a2823,#252a23,22
#2a2823,#252a15,12
#2a2823,#6b7080,4
#2a2823,#152a25,6
#2a2823,#2a2328,19
#2a2823,#2a151a,8
#2a2823,#708040,7
#2a2823,#25232a,5
#2a2823,#b1cbd4,4
#2a2823,#cbd4b1,10
#2a2823,#6b807b,7
#2a2823,#6abad4,1
#2a2823,#b1d4cb,2
#2a2823,#1a2a15,2
#2a2823,#804050,2
#2a2823,#152a1a,1
#804050,#2a151a,34
#804050,#2a1525,6
#804050,#801631,9
#804050,#803116,13
#804050,#805040,55
#804050,#807040,15
#804050,#d45124,7
#804050,#d4856a,38
#804050,#2a0710,4
#804050,#80706b,22
#804050,#d4cbb1,22
#804050,#6b7080,3
#804050,#2a2325,16
#804050,#2a2328,8
#804050,#807b6b,6
#804050,#cbd4b1,5
#804050,#151a2a,3
#804050,#1a152a,3
#804050,#25152a,3
#804050,#25232a,4
#804050,#28232a,6
#804050,#806b70,12
#804050,#2a2523,12
#804050,#d4ba6a,20
#804050,#405080,1
#804050,#407080,4
#804050,#d4b1ba,3
#804050,#252a23,1
#804050,#708040,1
#804050,#6abad4,1
#804050,#6b7b80,1
#804050,#b1cbd4,2
#804050,#bad4b1,2
#804050,#70806b,1
#252a23,#2a2523,11
#252a23,#70806b,9
#252a23,#80706b,4
#252a23,#bad4b1,4
#252a23,#232a25,24
#252a23,#232a28,12
#252a23,#805040,23
#252a23,#d4ba6a,17
#252a23,#2a2515,14
#252a23,#807040,25
#252a23,#807b6b,13
#252a23,#d4856a,12
#252a23,#d4cbb1,14
#252a23,#803116,2
#252a23,#6b7b80,1
#252a23,#b1cbd4,2
#252a23,#1a2a15,7
#252a23,#252a15,15
#252a23,#152a1a,3
#252a23,#6b807b,4
#252a23,#b1d4cb,2
#252a23,#152a25,2
#252a23,#407080,2
#252a23,#6abad4,1
#252a23,#2a2107,1
#252a23,#2a151a,1
#252a23,#801631,2
#252a23,#d45124,3
#252a23,#708040,3
#252a23,#2a1525,1
#252a23,#25232a,1
#252a23,#2a2328,1
#252a23,#806616,1
#b1d4ba,#6b7080,5
#b1d4ba,#6b7b80,3
#b1d4ba,#b1cbd4,6
#b1d4ba,#b1d4cb,10
#b1d4ba,#bab1d4,1
#b1d4ba,#252a15,2
#b1d4ba,#2a2107,2
#b1d4ba,#2a2515,2
#b1d4ba,#6b807b,4
#b1d4ba,#70806b,1
#b1d4ba,#807040,5
#b1d4ba,#d4cbb1,16
#b1d4ba,#151a2a,2
#b1d4ba,#15252a,2
#b1d4ba,#1a152a,2
#b1d4ba,#805040,8
#b1d4ba,#d4856a,3
#b1d4ba,#2a2523,5
#b1d4ba,#405080,2
#b1d4ba,#25232a,4
#b1d4ba,#807b6b,4
#b1d4ba,#bad4b1,8
#b1d4ba,#cbd4b1,5
#b1d4ba,#2a151a,5
#b1d4ba,#2a2325,2
#b1d4ba,#80706b,7
#b1d4ba,#212a07,1
#b1d4ba,#708040,2
#b1d4ba,#806616,1
#b1d4ba,#07102a,1
#b1d4ba,#2a1525,3
#b1d4ba,#806b70,3
#b1d4ba,#d4ba6a,3
#b1d4ba,#25152a,2
#b1d4ba,#2a2328,1
#b1d4ba,#803116,1
#b1d4ba,#d45124,1
#b1d4ba,#28232a,1
#1a2a15,#152a1a,6
#1a2a15,#252a15,14
#1a2a15,#232a25,4
#1a2a15,#70806b,3
#1a2a15,#807040,12
#1a2a15,#d4ba6a,8
#1a2a15,#805040,8
#1a2a15,#152a25,1
#1a2a15,#232a28,2
#1a2a15,#407080,2
#1a2a15,#2a2107,6
#1a2a15,#2a2515,12
#1a2a15,#807b6b,3
#1a2a15,#d4cbb1,9
#1a2a15,#803116,6
#1a2a15,#d45124,2
#1a2a15,#806616,4
#1a2a15,#d4856a,5
#1a2a15,#212a07,4
#1a2a15,#708040,2
#1a2a15,#2a2523,1
#15252a,#07102a,2
#15252a,#803116,10
#15252a,#805040,20
#15252a,#d45124,2
#15252a,#d4856a,14
#15252a,#232a28,13
#15252a,#2a2523,14
#15252a,#6b7b80,5
#15252a,#2a2515,11
#15252a,#807040,13
#15252a,#152a25,10
#15252a,#807b6b,8
#15252a,#b1cbd4,2
#15252a,#d4cbb1,11
#15252a,#151a2a,8
#15252a,#1a152a,2
#15252a,#232a25,5
#15252a,#2a2325,1
#15252a,#2a2328,2
#15252a,#407080,7
#15252a,#d4ba6a,11
#15252a,#806616,4
#15252a,#cbd4b1,2
#15252a,#152a1a,1
#15252a,#2a151a,1
#15252a,#6b807b,1
#15252a,#80706b,4
#15252a,#70806b,1
#15252a,#25232a,3
#15252a,#6abad4,1
#15252a,#25152a,1
#15252a,#708040,2
#15252a,#2a2107,1
#15252a,#d4b1ba,1
#803116,#2a2523,134
#803116,#805040,335
#803116,#807040,212
#803116,#80706b,43
#803116,#807b6b,51
#803116,#07102a,3
#803116,#d45124,112
#803116,#d4856a,195
#803116,#2a151a,63
#803116,#2a1525,7
#803116,#801631,13
#803116,#2a2325,29
#803116,#d4cbb1,188
#803116,#2a2515,133
#803116,#d4ba6a,212
#803116,#2a2107,77
#803116,#806616,110
#803116,#212a07,6
#803116,#407080,8
#803116,#6b7b80,7
#803116,#6b807b,6
#803116,#25152a,5
#803116,#2a0710,20
#803116,#708040,4
#803116,#cbd4b1,14
#803116,#232a28,6
#803116,#151a2a,11
#803116,#252a15,19
#803116,#25232a,10
#803116,#152a25,3
#803116,#1a152a,5
#803116,#2a2328,17
#803116,#70806b,3
#803116,#6abad4,1
#803116,#b1cbd4,4
#803116,#b1d4cb,4
#803116,#806b70,2
#803116,#232a25,4
#803116,#28232a,7
#803116,#152a1a,1
#803116,#405080,2
#803116,#6b7080,2
#803116,#cbb1d4,1
#80706b,#2a2523,820
#80706b,#805040,326
#80706b,#807040,93
#80706b,#807b6b,179
#80706b,#2a2515,23
#80706b,#d4cbb1,266
#80706b,#d4856a,160
#80706b,#806b70,62
#80706b,#d4b1ba,22
#80706b,#2a2325,102
#80706b,#b1cbd4,13
#80706b,#d4ba6a,79
#80706b,#2a2328,41
#80706b,#cbb1d4,6
#80706b,#2a0710,5
#80706b,#2a151a,65
#80706b,#70806b,6
#80706b,#bad4b1,9
#80706b,#25232a,33
#80706b,#28232a,19
#80706b,#6b7080,30
#80706b,#151a2a,12
#80706b,#708040,2
#80706b,#cbd4b1,20
#80706b,#25152a,8
#80706b,#2a1525,12
#80706b,#6b7b80,13
#80706b,#6b807b,3
#80706b,#bab1d4,10
#80706b,#212a07,1
#80706b,#1a152a,5
#80706b,#152a25,4
#80706b,#232a25,4
#80706b,#232a28,3
#80706b,#2a2107,2
#80706b,#806616,2
#80706b,#b1d4cb,3
#80706b,#d45124,11
#80706b,#407080,4
#80706b,#6abad4,1
#80706b,#07102a,2
#80706b,#801631,4
#80706b,#252a15,2
#80706b,#405080,2
#232a25,#232a28,25
#232a25,#2a2523,16
#232a25,#805040,19
#232a25,#d4ba6a,17
#232a25,#2a2515,14
#232a25,#807040,22
#232a25,#807b6b,13
#232a25,#152a25,12
#232a25,#d4856a,12
#232a25,#d4cbb1,17
#232a25,#70806b,7
#232a25,#2a2107,1
#232a25,#152a1a,5
#232a25,#252a15,6
#232a25,#407080,3
#232a25,#6abad4,1
#232a25,#6b807b,6
#232a25,#b1cbd4,1
#232a25,#801631,3
#232a25,#2a151a,2
#232a25,#d45124,2
#232a25,#2a2325,2
#232a25,#2a2328,3
#232a25,#708040,1
#232a25,#b1d4cb,1
#232a25,#6b7b80,1
#232a25,#151a2a,1
#232a25,#25232a,1
#bab1d4,#6b7080,24
#bab1d4,#6b7b80,4
#bab1d4,#b1cbd4,6
#bab1d4,#b1d4cb,2
#bab1d4,#cbb1d4,13
#bab1d4,#d4b1ba,6
#bab1d4,#d4cbb1,9
#bab1d4,#1a152a,1
#bab1d4,#25232a,17
#bab1d4,#2a2523,3
#bab1d4,#806b70,3
#bab1d4,#2a2325,1
#bab1d4,#2a2328,3
#bab1d4,#805040,3
#bab1d4,#807b6b,4
#bab1d4,#d4856a,3
#bab1d4,#28232a,2
#bab1d4,#807040,2
#bab1d4,#d4ba6a,2
#bab1d4,#2a2515,1
#d45124,#07102a,1
#d45124,#805040,106
#d45124,#d4856a,86
#d45124,#2a151a,17
#d45124,#2a1525,3
#d45124,#801631,8
#d45124,#807040,58
#d45124,#d4ba6a,83
#d45124,#2a2515,34
#d45124,#2a2523,40
#d45124,#806616,31
#d45124,#807b6b,16
#d45124,#d4cbb1,59
#d45124,#2a0710,5
#d45124,#25232a,4
#d45124,#cbd4b1,10
#d45124,#1a152a,1
#d45124,#2a2107,19
#d45124,#407080,5
#d45124,#232a28,1
#d45124,#2a2328,2
#d45124,#70806b,1
#d45124,#151a2a,4
#d45124,#2a2325,4
#d45124,#252a15,7
#d45124,#b1cbd4,2
#d45124,#b1d4cb,2
#d45124,#212a07,3
#d45124,#bad4b1,1
#d45124,#6b807b,1
#d45124,#25152a,1
#d45124,#708040,3
#d45124,#6b7080,1
#70806b,#2a2515,9
#70806b,#807040,13
#70806b,#807b6b,14
#70806b,#cbd4b1,7
#70806b,#d4cbb1,14
#70806b,#2a2523,12
#70806b,#bad4b1,6
#70806b,#252a15,8
#70806b,#2a2107,4
#70806b,#6b807b,8
#70806b,#b1d4cb,3
#70806b,#708040,3
#70806b,#2a2325,3
#70806b,#805040,9
#70806b,#d4856a,9
#70806b,#806616,2
#70806b,#d4ba6a,7
#70806b,#152a1a,1
#70806b,#25232a,1
#70806b,#28232a,1
#70806b,#2a2328,3
#70806b,#152a25,1
#70806b,#232a28,2
#70806b,#2a151a,1
#70806b,#806b70,1
#70806b,#d4b1ba,1
#232a28,#2a2523,14
#232a28,#6b7b80,4
#232a28,#805040,20
#232a28,#d4856a,15
#232a28,#6b807b,4
#232a28,#b1cbd4,2
#232a28,#b1d4cb,2
#232a28,#2a2515,11
#232a28,#807040,16
#232a28,#152a25,14
#232a28,#807b6b,8
#232a28,#d4cbb1,12
#232a28,#d4ba6a,9
#232a28,#407080,2
#232a28,#806616,2
#232a28,#cbd4b1,1
#232a28,#152a1a,3
#232a28,#2a151a,2
#232a28,#801631,2
#232a28,#2a2328,2
#232a28,#708040,1
#2a1525,#2a151a,33
#2a1525,#801631,4
#2a1525,#805040,29
#2a1525,#807040,7
#2a1525,#d4856a,18
#2a1525,#1a152a,4
#2a1525,#2a2107,1
#2a1525,#2a2515,3
#2a1525,#25152a,15
#2a1525,#405080,4
#2a1525,#d4b1ba,1
#2a1525,#151a2a,4
#2a1525,#28232a,6
#2a1525,#806b70,9
#2a1525,#807b6b,1
#2a1525,#25232a,3
#2a1525,#2a2325,8
#2a1525,#2a2328,11
#2a1525,#407080,4
#2a1525,#2a0710,4
#2a1525,#2a2523,2
#2a1525,#d4ba6a,10
#2a1525,#6b7b80,1
#2a1525,#bad4b1,2
#2a1525,#cbd4b1,4
#2a1525,#d4cbb1,13
#2a1525,#6b807b,1
#2a1525,#806616,2
#2a2328,#806b70,19
#2a2328,#807b6b,12
#2a2328,#cbb1d4,7
#2a2328,#d4b1ba,5
#2a2328,#d4cbb1,43
#2a2328,#25232a,26
#2a2328,#28232a,43
#2a2328,#2a2325,86
#2a2328,#6b7b80,2
#2a2328,#6b807b,1
#2a2328,#805040,76
#2a2328,#807040,11
#2a2328,#d4856a,56
#2a2328,#2a2523,78
#2a2328,#2a151a,39
#2a2328,#d4ba6a,21
#2a2328,#405080,1
#2a2328,#1a152a,4
#2a2328,#407080,1
#2a2328,#6b7080,14
#2a2328,#2a2515,6
#2a2328,#151a2a,3
#2a2328,#25152a,6
#2a2328,#b1d4cb,1
#2a2328,#708040,2
#2a2328,#bad4b1,1
#2a2328,#cbd4b1,1
#2a2328,#806616,1
#2a2328,#152a25,1
#2a2328,#252a15,1
#2a2328,#801631,3
#2a2328,#2a0710,1
#2a2328,#b1cbd4,1
#801631,#2a151a,13
#801631,#805040,17
#801631,#807040,9
#801631,#d4856a,16
#801631,#2a2523,9
#801631,#407080,3
#801631,#d4ba6a,10
#801631,#25152a,2
#801631,#252a15,3
#801631,#2a2515,3
#801631,#2a0710,4
#801631,#25232a,4
#801631,#152a1a,1
#801631,#152a25,1
#801631,#2a2325,5
#801631,#806b70,4
#801631,#708040,1
#801631,#b1d4cb,1
#801631,#d4cbb1,7
#801631,#807b6b,3
#801631,#151a2a,1
#801631,#2a2107,1
#801631,#28232a,3
#801631,#212a07,1
#801631,#1a152a,1
#2a0710,#2a151a,24
#2a0710,#2a2523,7
#2a0710,#d4856a,19
#2a0710,#805040,22
#2a0710,#6b7080,1
#2a0710,#25152a,4
#2a0710,#2a2107,2
#2a0710,#806616,3
#2a0710,#807040,3
#2a0710,#d4ba6a,9
#2a0710,#25232a,3
#2a0710,#1a152a,4
#2a0710,#07102a,2
#2a0710,#d4cbb1,8
#2a0710,#2a2325,2
#2a0710,#bad4b1,1
#2a0710,#cbd4b1,2
#2a0710,#151a2a,2
#2a0710,#407080,1
#2a0710,#806b70,1
#2a2325,#2a2523,181
#2a2325,#805040,201
#2a2325,#2a151a,90
#2a2325,#d4856a,122
#2a2325,#d4cbb1,86
#2a2325,#807b6b,31
#2a2325,#b1cbd4,3
#2a2325,#806b70,29
#2a2325,#807040,33
#2a2325,#25232a,20
#2a2325,#28232a,26
#2a2325,#cbb1d4,3
#2a2325,#d4b1ba,4
#2a2325,#d4ba6a,50
#2a2325,#6b7b80,6
#2a2325,#6b807b,2
#2a2325,#407080,1
#2a2325,#806616,1
#2a2325,#cbd4b1,7
#2a2325,#6b7080,9
#2a2325,#151a2a,3
#2a2325,#1a152a,2
#2a2325,#25152a,2
#2a2325,#b1d4cb,1
#2a2325,#2a2515,9
#2a2325,#bad4b1,2
#2a2325,#152a25,1
#2a2325,#252a15,1
#2a2325,#708040,1
#807b6b,#6b807b,18
#807b6b,#805040,241
#807b6b,#807040,225
#807b6b,#b1d4cb,8
#807b6b,#d4cbb1,327
#807b6b,#2a2523,171
#807b6b,#2a2515,120
#807b6b,#d4ba6a,117
#807b6b,#1a152a,4
#807b6b,#25232a,10
#807b6b,#d4856a,91
#807b6b,#806b70,11
#807b6b,#b1cbd4,14
#807b6b,#cbd4b1,58
#807b6b,#d4b1ba,5
#807b6b,#cbb1d4,2
#807b6b,#151a2a,9
#807b6b,#806616,14
#807b6b,#152a25,5
#807b6b,#6b7b80,13
#807b6b,#252a15,13
#807b6b,#2a2107,20
#807b6b,#708040,5
#807b6b,#bad4b1,4
#807b6b,#25152a,1
#807b6b,#2a151a,9
#807b6b,#212a07,3
#807b6b,#6b7080,9
#807b6b,#407080,4
#807b6b,#07102a,1
#807b6b,#405080,3
#807b6b,#152a1a,1
#807b6b,#28232a,2
#152a25,#805040,9
#152a25,#807040,6
#152a25,#b1cbd4,1
#152a25,#d4cbb1,10
#152a25,#2a2515,5
#152a25,#2a2523,6
#152a25,#d4856a,7
#152a25,#407080,2
#152a25,#806616,2
#152a25,#cbd4b1,2
#152a25,#152a1a,3
#152a25,#212a07,1
#152a25,#252a15,1
#152a25,#2a2107,2
#152a25,#6b7b80,1
#152a25,#6b807b,2
#152a25,#708040,2
#152a25,#d4ba6a,5
#152a25,#28232a,1
#1a152a,#25232a,11
#1a152a,#2a2523,5
#1a152a,#805040,19
#1a152a,#807040,7
#1a152a,#d4cbb1,14
#1a152a,#2a151a,8
#1a152a,#2a2107,1
#1a152a,#2a2515,1
#1a152a,#151a2a,12
#1a152a,#d4856a,10
#1a152a,#28232a,5
#1a152a,#6b7080,1
#1a152a,#405080,2
#1a152a,#b1cbd4,1
#1a152a,#b1d4cb,1
#1a152a,#cbb1d4,1
#1a152a,#d4ba6a,10
#1a152a,#25152a,8
#1a152a,#806b70,1
#1a152a,#07102a,4
#1a152a,#806616,2
#1a152a,#708040,1
#1a152a,#d4b1ba,1
#1a152a,#cbd4b1,2
#252a15,#2a2107,28
#252a15,#2a2515,53
#252a15,#6b807b,5
#252a15,#807040,42
#252a15,#b1d4cb,5
#252a15,#d4cbb1,28
#252a15,#708040,14
#252a15,#6b7080,1
#252a15,#2a2523,4
#252a15,#cbd4b1,6
#252a15,#212a07,18
#252a15,#806616,12
#252a15,#d4ba6a,31
#252a15,#d4856a,12
#252a15,#805040,24
#252a15,#152a1a,3
#252a15,#407080,3
#252a15,#6b7b80,2
#252a15,#b1cbd4,1
#407080,#2a2523,4
#407080,#807040,10
#407080,#d4ba6a,11
#407080,#2a2515,6
#407080,#6abad4,6
#407080,#b1cbd4,4
#407080,#d4cbb1,13
#407080,#6b7b80,6
#407080,#6b807b,4
#407080,#805040,15
#407080,#d4856a,7
#407080,#2a2107,3
#407080,#806616,2
#407080,#212a07,2
#407080,#2a151a,3
#407080,#405080,3
#407080,#708040,2
#407080,#151a2a,2
#407080,#806b70,1
#407080,#25152a,2
#407080,#25232a,2
#407080,#152a1a,1
#407080,#d4b1ba,1
#d4b1ba,#806b70,15
#d4b1ba,#d4cbb1,28
#d4b1ba,#25232a,8
#d4b1ba,#cbb1d4,9
#d4b1ba,#28232a,4
#d4b1ba,#405080,1
#d4b1ba,#805040,10
#d4b1ba,#151a2a,1
#d4b1ba,#d4856a,4
#d4b1ba,#807040,1
#d4b1ba,#2a2523,2
#d4b1ba,#2a151a,1
#d4b1ba,#6b7b80,1
#d4b1ba,#b1cbd4,1
#b1cbd4,#6b7080,11
#b1cbd4,#6b7b80,15
#b1cbd4,#b1d4cb,11
#b1cbd4,#6b807b,5
#b1cbd4,#2a2523,7
#b1cbd4,#805040,17
#b1cbd4,#d4cbb1,21
#b1cbd4,#151a2a,1
#b1cbd4,#807040,14
#b1cbd4,#d4ba6a,14
#b1cbd4,#cbb1d4,3
#b1cbd4,#2a2515,6
#b1cbd4,#6abad4,3
#b1cbd4,#25232a,1
#b1cbd4,#cbd4b1,7
#b1cbd4,#bad4b1,3
#b1cbd4,#d4856a,6
#b1cbd4,#806616,4
#b1cbd4,#806b70,1
#b1cbd4,#708040,3
#b1cbd4,#2a151a,2
#b1cbd4,#2a2107,1
#cbb1d4,#d4cbb1,18
#cbb1d4,#806b70,5
#cbb1d4,#6b7080,13
#cbb1d4,#6b7b80,2
#cbb1d4,#25232a,23
#cbb1d4,#28232a,18
#cbb1d4,#b1d4cb,1
#cbb1d4,#2a2523,3
#cbb1d4,#2a2515,1
#cbb1d4,#807040,2
#cbb1d4,#151a2a,1
#cbb1d4,#805040,4
#cbb1d4,#d4856a,1
#2a151a,#805040,200
#2a151a,#807040,41
#2a151a,#d4856a,122
#2a151a,#2a2523,84
#2a151a,#d4cbb1,80
#2a151a,#2a2107,1
#2a151a,#2a2515,5
#2a151a,#806616,5
#2a151a,#d4ba6a,53
#2a151a,#25152a,12
#2a151a,#6b7080,5
#2a151a,#25232a,18
#2a151a,#405080,5
#2a151a,#cbd4b1,10
#2a151a,#806b70,21
#2a151a,#151a2a,6
#2a151a,#28232a,18
#2a151a,#6b7b80,3
#2a151a,#bad4b1,4
#2a151a,#b1d4cb,1
#2a151a,#212a07,1
#806616,#2a2107,76
#806616,#805040,57
#806616,#807040,130
#806616,#d4ba6a,106
#806616,#d4cbb1,67
#806616,#2a2515,65
#806616,#2a2523,15
#806616,#212a07,8
#806616,#cbd4b1,13
#806616,#708040,8
#806616,#d4856a,33
#806616,#6abad4,1
#806616,#6b7b80,2
#806616,#6b807b,4
#806616,#151a2a,1
#806616,#25232a,1
#806616,#28232a,1
#806616,#b1d4cb,3
#806616,#152a1a,1
#151a2a,#807040,10
#151a2a,#d4ba6a,15
#151a2a,#805040,37
#151a2a,#d4856a,24
#151a2a,#d4cbb1,16
#151a2a,#2a2523,19
#151a2a,#405080,3
#151a2a,#07102a,8
#151a2a,#25152a,6
#151a2a,#28232a,6
#151a2a,#25232a,15
#151a2a,#806b70,1
#151a2a,#152a1a,1
#151a2a,#6abad4,1
#151a2a,#708040,2
#151a2a,#2a2107,1
#151a2a,#2a2515,2
#151a2a,#cbd4b1,1
#151a2a,#212a07,1
#d4ba6a,#2a2515,159
#d4ba6a,#2a2523,166
#d4ba6a,#805040,399
#d4ba6a,#807040,354
#d4ba6a,#d4cbb1,350
#d4ba6a,#d4856a,277
#d4ba6a,#2a2107,75
#d4ba6a,#212a07,7
#d4ba6a,#cbd4b1,26
#d4ba6a,#6abad4,2
#d4ba6a,#b1d4cb,10
#d4ba6a,#25232a,11
#d4ba6a,#6b7b80,10
#d4ba6a,#6b807b,11
#d4ba6a,#708040,25
#d4ba6a,#152a1a,4
#d4ba6a,#25152a,8
#d4ba6a,#806b70,5
#d4ba6a,#6b7080,5
#d4ba6a,#28232a,10
#d4ba6a,#07102a,3
#d4ba6a,#bad4b1,5
#d4ba6a,#405080,2
#212a07,#2a2107,18
#212a07,#807040,12
#212a07,#d4cbb1,8
#212a07,#2a2515,17
#212a07,#708040,5
#212a07,#805040,7
#212a07,#cbd4b1,2
#212a07,#6b807b,2
#212a07,#6b7b80,1
#212a07,#d4856a,1
#212a07,#152a1a,1
#212a07,#2a2523,3
#212a07,#25232a,1
#212a07,#28232a,1
#6abad4,#2a2515,2
#6abad4,#d4cbb1,4
#6abad4,#d4856a,2
#6abad4,#805040,3
#6abad4,#2a2523,1
#6abad4,#6b7b80,1
#6abad4,#807040,1
#6abad4,#405080,1
#6abad4,#25232a,1
#6abad4,#806b70,1
#6abad4,#152a1a,1
#2a2515,#2a2523,114
#2a2515,#805040,204
#2a2515,#807040,249
#2a2515,#d4cbb1,164
#2a2515,#d4856a,81
#2a2515,#2a2107,100
#2a2515,#cbd4b1,23
#2a2515,#6b807b,9
#2a2515,#b1d4cb,6
#2a2515,#6b7b80,5
#2a2515,#708040,11
#2a2515,#6b7080,4
#2a2515,#806b70,1
#2a2515,#bad4b1,1
#2a2515,#152a1a,2
#2a2515,#25152a,1
#07102a,#805040,8
#07102a,#d4856a,5
#07102a,#2a2523,3
#07102a,#6b7b80,1
#07102a,#6b807b,1
#07102a,#708040,1
#07102a,#807040,1
#d4856a,#2a2523,269
#d4856a,#805040,581
#d4856a,#807040,184
#d4856a,#d4cbb1,298
#d4856a,#6b7b80,15
#d4856a,#6b7080,14
#d4856a,#6b807b,12
#d4856a,#806b70,16
#d4856a,#25232a,26
#d4856a,#25152a,10
#d4856a,#28232a,21
#d4856a,#708040,7
#d4856a,#b1d4cb,1
#d4856a,#2a2107,20
#d4856a,#152a1a,3
#d4856a,#cbd4b1,13
#d4856a,#bad4b1,3
#d4856a,#405080,1
#6b7b80,#2a2523,11
#6b7b80,#805040,28
#6b7b80,#6b7080,14
#6b7b80,#b1d4cb,4
#6b7b80,#6b807b,12
#6b7b80,#d4cbb1,20
#6b7b80,#806b70,3
#6b7b80,#807040,14
#6b7b80,#2a2107,3
#6b7b80,#708040,2
#6b7b80,#25152a,1
#6b807b,#805040,19
#6b807b,#807040,21
#6b807b,#b1d4cb,9
#6b807b,#d4cbb1,21
#6b807b,#2a2107,4
#6b807b,#2a2523,6
#6b807b,#806b70,1
#6b807b,#708040,3
#6b807b,#bad4b1,2
#6b807b,#cbd4b1,3
#6b807b,#6b7080,2
#6b7080,#b1d4cb,2
#6b7080,#25232a,46
#6b7080,#d4cbb1,41
#6b7080,#2a2523,17
#6b7080,#805040,25
#6b7080,#28232a,29
#6b7080,#405080,1
#6b7080,#2a2107,1
#6b7080,#807040,8
#6b7080,#806b70,9
#806b70,#d4cbb1,31
#806b70,#25232a,11
#806b70,#2a2523,16
#806b70,#28232a,13
#806b70,#805040,37
#806b70,#807040,8
#806b70,#25152a,5
#806b70,#2a2107,1
#806b70,#cbd4b1,2
#807040,#805040,422
#807040,#b1d4cb,13
#807040,#d4cbb1,385
#807040,#2a2523,185
#807040,#25232a,10
#807040,#2a2107,108
#807040,#cbd4b1,41
#807040,#708040,28
#807040,#25152a,4
#807040,#152a1a,5
#807040,#bad4b1,7
#807040,#405080,3
#807040,#28232a,4
#bad4b1,#2a2523,6
#bad4b1,#b1d4cb,6
#bad4b1,#cbd4b1,16
#bad4b1,#d4cbb1,12
#bad4b1,#805040,3
#bad4b1,#25232a,1
#bad4b1,#28232a,1
#bad4b1,#708040,1
#152a1a,#805040,5
#152a1a,#d4cbb1,2
#152a1a,#2a2523,3
#152a1a,#708040,1
#405080,#2a2523,3
#405080,#805040,9
#405080,#d4cbb1,8
#405080,#25232a,1
#405080,#25152a,1
#25152a,#805040,16
#25152a,#28232a,8
#25152a,#25232a,4
#25152a,#d4cbb1,8
#25152a,#2a2523,1
#805040,#b1d4cb,6
#805040,#d4cbb1,513
#805040,#2a2523,489
#805040,#25232a,46
#805040,#2a2107,44
#805040,#28232a,32
#805040,#708040,15
#805040,#cbd4b1,28
#2a2107,#d4cbb1,50
#2a2107,#b1d4cb,2
#2a2107,#cbd4b1,10
#2a2107,#708040,8
#2a2107,#2a2523,8
#b1d4cb,#d4cbb1,16
#b1d4cb,#25232a,2
#b1d4cb,#cbd4b1,8
#b1d4cb,#2a2523,2
#b1d4cb,#708040,3
#b1d4cb,#28232a,1
#708040,#d4cbb1,18
#708040,#2a2523,7
#708040,#25232a,2
#708040,#28232a,2
#708040,#cbd4b1,4
#cbd4b1,#d4cbb1,96
#cbd4b1,#2a2523,15
#cbd4b1,#25232a,2
#25232a,#2a2523,32
#25232a,#d4cbb1,53
#25232a,#28232a,53
#2a2523,#d4cbb1,254
#2a2523,#28232a,18
#28232a,#d4cbb1,33
